Post Date,Transaction Date,Description,Amount,Info
03/25/2026 4:00PM PDT,03/25/2026 4:00PM PDT,Purchase,-$1.75,"114 Troutman St | Dryer 15
114 Troutman St,Brooklyn,NY11206"
03/25/2026 4:00PM PDT,03/25/2026 4:00PM PDT,Purchase,-$0.25,"114 Troutman St | Dryer 15
114 Troutman St,Brooklyn,NY11206"
03/25/2026 4:00PM PDT,03/25/2026 3:59PM PDT,Purchase,-$0.25,"114 Troutman St | Dryer 15
114 Troutman St,Brooklyn,NY11206"
03/25/2026 1:38PM PDT,03/25/2026 1:38PM PDT,Purchase,-$0.25,"114 Troutman St | Dryer 15
114 Troutman St,Brooklyn,NY11206"
03/25/2026 1:37PM PDT,03/25/2026 1:37PM PDT,Purchase,-$0.25,"114 Troutman St | Dryer 15
114 Troutman St,Brooklyn,NY11206"
03/25/2026 1:36PM PDT,03/25/2026 1:36PM PDT,Purchase,-$0.25,"114 Troutman St | Dryer 15
114 Troutman St,Brooklyn,NY11206"
03/25/2026 1:35PM PDT,03/25/2026 1:35PM PDT,Purchase,-$0.25,"114 Troutman St | Dryer 15
114 Troutman St,Brooklyn,NY11206"
03/25/2026 1:34PM PDT,03/25/2026 1:34PM PDT,Purchase,-$1.75,"114 Troutman St | Dryer 15
114 Troutman St,Brooklyn,NY11206"
03/25/2026 10:31AM PDT,03/25/2026 10:31AM PDT,Purchase,-$3.00,"114 Troutman St | Washer 06
114 Troutman St,Brooklyn,NY11206"
03/18/2026 4:27PM PDT,03/18/2026 4:27PM PDT,Purchase,-$0.25,"114 Troutman St | Dryer 13
114 Troutman St,Brooklyn,NY11206"
03/18/2026 4:26PM PDT,03/18/2026 4:26PM PDT,Purchase,-$0.25,"114 Troutman St | Dryer 13
114 Troutman St,Brooklyn,NY11206"
03/18/2026 4:25PM PDT,03/18/2026 4:25PM PDT,Purchase,-$0.25,"114 Troutman St | Dryer 13
114 Troutman St,Brooklyn,NY11206"
03/18/2026 4:23PM PDT,03/18/2026 4:23PM PDT,Purchase,-$0.25,"114 Troutman St | Dryer 13
114 Troutman St,Brooklyn,NY11206"
03/18/2026 4:23PM PDT,03/18/2026 4:23PM PDT,Purchase,-$0.25,"114 Troutman St | Dryer 13
114 Troutman St,Brooklyn,NY11206"
03/18/2026 4:23PM PDT,03/18/2026 4:23PM PDT,Purchase,-$0.25,"114 Troutman St | Dryer 13
114 Troutman St,Brooklyn,NY11206"
03/18/2026 4:23PM PDT,03/18/2026 4:22PM PDT,Purchase,-$1.75,"114 Troutman St | Dryer 13
114 Troutman St,Brooklyn,NY11206"
03/18/2026 4:21PM PDT,03/18/2026 4:21PM PDT,Purchase,-$1.75,"114 Troutman St | Dryer 13
114 Troutman St,Brooklyn,NY11206"
03/18/2026 2:14PM PDT,03/18/2026 2:14PM PDT,Purchase,-$0.25,"114 Troutman St | Dryer 13
114 Troutman St,Brooklyn,NY11206"
03/18/2026 2:13PM PDT,03/18/2026 2:13PM PDT,Purchase,-$0.25,"114 Troutman St | Dryer 15
114 Troutman St,Brooklyn,NY11206"
03/18/2026 2:13PM PDT,03/18/2026 2:13PM PDT,Purchase,-$0.25,"114 Troutman St | Dryer 13
114 Troutman St,Brooklyn,NY11206"
03/18/2026 2:13PM PDT,03/18/2026 2:13PM PDT,Purchase,-$0.25,"114 Troutman St | Dryer 13
114 Troutman St,Brooklyn,NY11206"
03/18/2026 2:13PM PDT,03/18/2026 2:13PM PDT,Purchase,-$0.25,"114 Troutman St | Dryer 13
114 Troutman St,Brooklyn,NY11206"
03/18/2026 2:12PM PDT,03/18/2026 2:12PM PDT,Purchase,-$0.25,"114 Troutman St | Dryer 13
114 Troutman St,Brooklyn,NY11206"
03/18/2026 2:12PM PDT,03/18/2026 2:12PM PDT,Purchase,-$0.25,"114 Troutman St | Dryer 13
114 Troutman St,Brooklyn,NY11206"
03/18/2026 2:12PM PDT,03/18/2026 2:12PM PDT,Purchase,-$1.75,"114 Troutman St | Dryer 13
114 Troutman St,Brooklyn,NY11206"
03/18/2026 2:12PM PDT,03/18/2026 2:12PM PDT,Purchase,-$0.25,"114 Troutman St | Stack Dryer 14
114 Troutman St,Brooklyn,NY11206"
03/18/2026 2:12PM PDT,03/18/2026 2:12PM PDT,Purchase,-$0.25,"114 Troutman St | Stack Dryer 14
114 Troutman St,Brooklyn,NY11206"
03/18/2026 2:11PM PDT,03/18/2026 2:11PM PDT,Purchase,-$0.25,"114 Troutman St | Stack Dryer 14
114 Troutman St,Brooklyn,NY11206"
03/18/2026 2:11PM PDT,03/18/2026 2:11PM PDT,Purchase,-$0.25,"114 Troutman St | Stack Dryer 14
114 Troutman St,Brooklyn,NY11206"
03/18/2026 2:11PM PDT,03/18/2026 2:11PM PDT,Purchase,-$1.75,"114 Troutman St | Stack Dryer 14
114 Troutman St,Brooklyn,NY11206"
03/18/2026 2:11PM PDT,03/18/2026 2:10PM PDT,Purchase,-$0.25,"114 Troutman St | Dryer 15
114 Troutman St,Brooklyn,NY11206"
03/18/2026 2:10PM PDT,03/18/2026 2:10PM PDT,Purchase,-$0.25,"114 Troutman St | Dryer 15
114 Troutman St,Brooklyn,NY11206"
03/18/2026 2:10PM PDT,03/18/2026 2:10PM PDT,Purchase,-$0.25,"114 Troutman St | Dryer 15
114 Troutman St,Brooklyn,NY11206"
03/18/2026 2:10PM PDT,03/18/2026 2:10PM PDT,Purchase,-$1.75,"114 Troutman St | Dryer 15
114 Troutman St,Brooklyn,NY11206"
03/18/2026 2:01PM PDT,03/18/2026 2:01PM PDT,Purchase,-$0.25,"114 Troutman St | Dryer 13
114 Troutman St,Brooklyn,NY11206"
03/18/2026 2:00PM PDT,03/18/2026 2:00PM PDT,Purchase,-$0.25,"114 Troutman St | Dryer 13
114 Troutman St,Brooklyn,NY11206"
03/18/2026 2:00PM PDT,03/18/2026 2:00PM PDT,Purchase,-$0.25,"114 Troutman St | Dryer 13
114 Troutman St,Brooklyn,NY11206"
03/18/2026 2:00PM PDT,03/18/2026 2:00PM PDT,Purchase,-$0.25,"114 Troutman St | Dryer 13
114 Troutman St,Brooklyn,NY11206"
03/18/2026 2:00PM PDT,03/18/2026 2:00PM PDT,Purchase,-$1.75,"114 Troutman St | Dryer 13
114 Troutman St,Brooklyn,NY11206"
03/18/2026 12:50PM PDT,03/18/2026 12:50PM PDT,Added Funds,+$25.00,"
Added Funds using MasterCard-0689"
03/18/2026 12:50PM PDT,03/18/2026 12:50PM PDT,Purchase,-$3.00,"114 Troutman St | Washer 07
114 Troutman St,Brooklyn,NY11206"
03/18/2026 12:50PM PDT,03/18/2026 12:50PM PDT,Purchase,-$3.00,"114 Troutman St | Washer 06
114 Troutman St,Brooklyn,NY11206"
03/18/2026 12:50PM PDT,03/18/2026 12:49PM PDT,Purchase,-$3.00,"114 Troutman St | Washer 04
114 Troutman St,Brooklyn,NY11206"
03/18/2026 12:49PM PDT,03/18/2026 12:49PM PDT,Purchase,-$3.00,"114 Troutman St | Washer 03
114 Troutman St,Brooklyn,NY11206"
03/05/2026 3:31PM PST,03/05/2026 3:31PM PST,Purchase,-$0.25,"114 Troutman St | Stack Dryer 14
114 Troutman St,Brooklyn,NY11206"
03/05/2026 3:31PM PST,03/05/2026 3:31PM PST,Purchase,-$0.25,"114 Troutman St | Stack Dryer 14
114 Troutman St,Brooklyn,NY11206"
03/05/2026 3:31PM PST,03/05/2026 3:31PM PST,Purchase,-$0.25,"114 Troutman St | Stack Dryer 14
114 Troutman St,Brooklyn,NY11206"
03/05/2026 3:30PM PST,03/05/2026 3:30PM PST,Purchase,-$0.25,"114 Troutman St | Stack Dryer 14
114 Troutman St,Brooklyn,NY11206"
03/05/2026 3:30PM PST,03/05/2026 3:30PM PST,Purchase,-$1.75,"114 Troutman St | Stack Dryer 14
114 Troutman St,Brooklyn,NY11206"
03/05/2026 3:30PM PST,03/05/2026 3:30PM PST,Purchase,-$0.25,"114 Troutman St | Dryer 13
114 Troutman St,Brooklyn,NY11206"
03/05/2026 3:30PM PST,03/05/2026 3:29PM PST,Purchase,-$0.25,"114 Troutman St | Dryer 13
114 Troutman St,Brooklyn,NY11206"
03/05/2026 3:29PM PST,03/05/2026 3:29PM PST,Purchase,-$0.25,"114 Troutman St | Dryer 13
114 Troutman St,Brooklyn,NY11206"
03/05/2026 3:29PM PST,03/05/2026 3:29PM PST,Purchase,-$0.25,"114 Troutman St | Dryer 13
114 Troutman St,Brooklyn,NY11206"
03/05/2026 3:29PM PST,03/05/2026 3:29PM PST,Purchase,-$1.75,"114 Troutman St | Dryer 13
114 Troutman St,Brooklyn,NY11206"
03/05/2026 12:56PM PST,03/05/2026 12:56PM PST,Purchase,-$3.00,"114 Troutman St | Washer 08
114 Troutman St,Brooklyn,NY11206"
03/05/2026 12:56PM PST,03/05/2026 12:56PM PST,Purchase,-$3.00,"114 Troutman St | Washer 07
114 Troutman St,Brooklyn,NY11206"
03/05/2026 12:56PM PST,03/05/2026 12:56PM PST,Added Funds,+$25.00,"
Added Funds using MasterCard-0689"
02/22/2026 1:00PM PST,02/22/2026 1:00PM PST,Purchase,-$0.25,"114 Troutman St | Dryer 12
114 Troutman St,Brooklyn,NY11206"
02/22/2026 1:00PM PST,02/22/2026 1:00PM PST,Purchase,-$0.25,"114 Troutman St | Dryer 12
114 Troutman St,Brooklyn,NY11206"
02/22/2026 1:00PM PST,02/22/2026 1:00PM PST,Purchase,-$0.25,"114 Troutman St | Dryer 12
114 Troutman St,Brooklyn,NY11206"
02/22/2026 1:00PM PST,02/22/2026 1:00PM PST,Purchase,-$0.25,"114 Troutman St | Dryer 12
114 Troutman St,Brooklyn,NY11206"
02/22/2026 12:59PM PST,02/22/2026 12:59PM PST,Purchase,-$1.75,"114 Troutman St | Dryer 12
114 Troutman St,Brooklyn,NY11206"
02/22/2026 12:59PM PST,02/22/2026 12:59PM PST,Purchase,-$0.25,"114 Troutman St | Dryer 11
114 Troutman St,Brooklyn,NY11206"
02/22/2026 12:59PM PST,02/22/2026 12:59PM PST,Purchase,-$0.25,"114 Troutman St | Dryer 11
114 Troutman St,Brooklyn,NY11206"
02/22/2026 12:59PM PST,02/22/2026 12:59PM PST,Purchase,-$0.25,"114 Troutman St | Dryer 11
114 Troutman St,Brooklyn,NY11206"
02/22/2026 12:59PM PST,02/22/2026 12:58PM PST,Purchase,-$0.25,"114 Troutman St | Dryer 11
114 Troutman St,Brooklyn,NY11206"
02/22/2026 12:58PM PST,02/22/2026 12:57PM PST,Purchase,-$1.75,"114 Troutman St | Dryer 11
114 Troutman St,Brooklyn,NY11206"
02/22/2026 11:14AM PST,02/22/2026 11:14AM PST,Purchase,-$3.00,"114 Troutman St | Washer 10
114 Troutman St,Brooklyn,NY11206"
02/22/2026 11:13AM PST,02/22/2026 11:13AM PST,Purchase,-$3.00,"114 Troutman St | Washer 09
114 Troutman St,Brooklyn,NY11206"
02/08/2026 10:11AM PST,02/08/2026 10:11AM PST,Purchase,-$0.25,"114 Troutman St | Dryer 11
114 Troutman St,Brooklyn,NY11206"
02/08/2026 10:11AM PST,02/08/2026 10:11AM PST,Purchase,-$0.25,"114 Troutman St | Dryer 11
114 Troutman St,Brooklyn,NY11206"
02/08/2026 10:11AM PST,02/08/2026 10:11AM PST,Purchase,-$0.25,"114 Troutman St | Dryer 11
114 Troutman St,Brooklyn,NY11206"
02/08/2026 10:11AM PST,02/08/2026 10:11AM PST,Purchase,-$0.25,"114 Troutman St | Dryer 11
114 Troutman St,Brooklyn,NY11206"
02/08/2026 10:10AM PST,02/08/2026 10:10AM PST,Purchase,-$0.25,"114 Troutman St | Dryer 12
114 Troutman St,Brooklyn,NY11206"
02/08/2026 10:10AM PST,02/08/2026 10:10AM PST,Purchase,-$0.25,"114 Troutman St | Dryer 12
114 Troutman St,Brooklyn,NY11206"
02/08/2026 10:10AM PST,02/08/2026 10:10AM PST,Purchase,-$0.25,"114 Troutman St | Dryer 12
114 Troutman St,Brooklyn,NY11206"
02/08/2026 10:10AM PST,02/08/2026 10:10AM PST,Purchase,-$0.25,"114 Troutman St | Dryer 12
114 Troutman St,Brooklyn,NY11206"
02/08/2026 10:09AM PST,02/08/2026 10:09AM PST,Purchase,-$1.75,"114 Troutman St | Dryer 12
114 Troutman St,Brooklyn,NY11206"
02/08/2026 10:09AM PST,02/08/2026 10:09AM PST,Purchase,-$1.75,"114 Troutman St | Dryer 11
114 Troutman St,Brooklyn,NY11206"
02/08/2026 8:50AM PST,02/08/2026 8:50AM PST,Purchase,-$3.00,"114 Troutman St | Washer 06
114 Troutman St,Brooklyn,NY11206"
02/08/2026 8:49AM PST,02/08/2026 8:49AM PST,Purchase,-$3.00,"114 Troutman St | Washer 04
114 Troutman St,Brooklyn,NY11206"
01/27/2026 4:59PM PST,01/27/2026 4:59PM PST,Purchase,-$0.25,"114 Troutman St | Dryer 13
114 Troutman St,Brooklyn,NY11206"
01/27/2026 4:58PM PST,01/27/2026 4:58PM PST,Purchase,-$0.25,"114 Troutman St | Dryer 13
114 Troutman St,Brooklyn,NY11206"
01/27/2026 4:58PM PST,01/27/2026 4:58PM PST,Purchase,-$0.25,"114 Troutman St | Dryer 13
114 Troutman St,Brooklyn,NY11206"
01/27/2026 4:58PM PST,01/27/2026 4:57PM PST,Purchase,-$0.25,"114 Troutman St | Dryer 13
114 Troutman St,Brooklyn,NY11206"
01/27/2026 4:56PM PST,01/27/2026 4:56PM PST,Purchase,-$1.75,"114 Troutman St | Dryer 13
114 Troutman St,Brooklyn,NY11206"
01/27/2026 4:56PM PST,01/27/2026 4:56PM PST,Added Funds,+$25.00,"
Added Funds using MasterCard-0689"
01/27/2026 3:39PM PST,01/27/2026 3:39PM PST,Purchase,-$0.25,"114 Troutman St | Dryer 13
114 Troutman St,Brooklyn,NY11206"
01/27/2026 3:38PM PST,01/27/2026 3:38PM PST,Purchase,-$0.25,"114 Troutman St | Dryer 13
114 Troutman St,Brooklyn,NY11206"
01/27/2026 3:37PM PST,01/27/2026 3:37PM PST,Purchase,-$0.25,"114 Troutman St | Dryer 13
114 Troutman St,Brooklyn,NY11206"
01/27/2026 3:37PM PST,01/27/2026 3:37PM PST,Purchase,-$0.25,"114 Troutman St | Dryer 13
114 Troutman St,Brooklyn,NY11206"
01/27/2026 3:36PM PST,01/27/2026 3:36PM PST,Purchase,-$1.75,"114 Troutman St | Dryer 13
114 Troutman St,Brooklyn,NY11206"
01/27/2026 2:44PM PST,01/27/2026 2:44PM PST,Purchase,-$3.00,"114 Troutman St | Washer 09
114 Troutman St,Brooklyn,NY11206"
01/27/2026 2:44PM PST,01/27/2026 2:44PM PST,Purchase,-$3.00,"114 Troutman St | Washer 06
114 Troutman St,Brooklyn,NY11206"
01/16/2026 10:21AM PST,01/16/2026 10:21AM PST,Purchase,-$0.25,"114 Troutman St | Stack Dryer 14
114 Troutman St,Brooklyn,NY11206"
01/16/2026 10:20AM PST,01/16/2026 10:20AM PST,Purchase,-$0.25,"114 Troutman St | Dryer 13
114 Troutman St,Brooklyn,NY11206"
01/16/2026 10:20AM PST,01/16/2026 10:20AM PST,Purchase,-$0.25,"114 Troutman St | Dryer 13
114 Troutman St,Brooklyn,NY11206"
01/16/2026 10:20AM PST,01/16/2026 10:20AM PST,Purchase,-$0.25,"114 Troutman St | Dryer 13
114 Troutman St,Brooklyn,NY11206"
01/16/2026 10:20AM PST,01/16/2026 10:20AM PST,Purchase,-$0.25,"114 Troutman St | Dryer 13
114 Troutman St,Brooklyn,NY11206"
01/16/2026 10:19AM PST,01/16/2026 10:19AM PST,Purchase,-$0.25,"114 Troutman St | Stack Dryer 14
114 Troutman St,Brooklyn,NY11206"
01/16/2026 10:19AM PST,01/16/2026 10:19AM PST,Purchase,-$0.25,"114 Troutman St | Stack Dryer 14
114 Troutman St,Brooklyn,NY11206"
01/16/2026 10:19AM PST,01/16/2026 10:19AM PST,Purchase,-$0.25,"114 Troutman St | Stack Dryer 14
114 Troutman St,Brooklyn,NY11206"
01/16/2026 10:19AM PST,01/16/2026 10:19AM PST,Purchase,-$1.75,"114 Troutman St | Stack Dryer 14
114 Troutman St,Brooklyn,NY11206"
01/16/2026 10:18AM PST,01/16/2026 10:18AM PST,Purchase,-$1.75,"114 Troutman St | Dryer 13
114 Troutman St,Brooklyn,NY11206"
01/16/2026 9:19AM PST,01/16/2026 9:19AM PST,Purchase,-$3.00,"114 Troutman St | Washer 04
114 Troutman St,Brooklyn,NY11206"
01/16/2026 9:18AM PST,01/16/2026 9:18AM PST,Purchase,-$3.00,"114 Troutman St | Washer 03
114 Troutman St,Brooklyn,NY11206"
01/01/2026 11:44AM PST,01/01/2026 11:44AM PST,Purchase,-$0.25,"114 Troutman St | Dryer 15
114 Troutman St,Brooklyn,NY11206"
01/01/2026 11:44AM PST,01/01/2026 11:44AM PST,Purchase,-$0.25,"114 Troutman St | Dryer 15
114 Troutman St,Brooklyn,NY11206"
01/01/2026 11:43AM PST,01/01/2026 11:43AM PST,Purchase,-$1.75,"114 Troutman St | Dryer 15
114 Troutman St,Brooklyn,NY11206"
01/01/2026 10:31AM PST,01/01/2026 10:31AM PST,Purchase,-$0.25,"114 Troutman St | Dryer 15
114 Troutman St,Brooklyn,NY11206"
01/01/2026 10:30AM PST,01/01/2026 10:30AM PST,Purchase,-$0.25,"114 Troutman St | Dryer 15
114 Troutman St,Brooklyn,NY11206"
01/01/2026 10:30AM PST,01/01/2026 10:30AM PST,Purchase,-$0.25,"114 Troutman St | Dryer 15
114 Troutman St,Brooklyn,NY11206"
01/01/2026 10:30AM PST,01/01/2026 10:30AM PST,Purchase,-$0.25,"114 Troutman St | Dryer 15
114 Troutman St,Brooklyn,NY11206"
01/01/2026 10:30AM PST,01/01/2026 10:30AM PST,Added Funds,+$25.00,"
Added Funds using MasterCard-0689"
01/01/2026 10:30AM PST,01/01/2026 10:29AM PST,Purchase,-$1.75,"114 Troutman St | Dryer 15
114 Troutman St,Brooklyn,NY11206"
01/01/2026 9:00AM PST,01/01/2026 9:00AM PST,Purchase,-$0.25,"114 Troutman St | Dryer 15
114 Troutman St,Brooklyn,NY11206"
01/01/2026 9:00AM PST,01/01/2026 9:00AM PST,Purchase,-$0.25,"114 Troutman St | Dryer 15
114 Troutman St,Brooklyn,NY11206"
01/01/2026 8:59AM PST,01/01/2026 8:59AM PST,Purchase,-$0.25,"114 Troutman St | Dryer 15
114 Troutman St,Brooklyn,NY11206"
01/01/2026 8:59AM PST,01/01/2026 8:59AM PST,Purchase,-$0.25,"114 Troutman St | Dryer 15
114 Troutman St,Brooklyn,NY11206"
01/01/2026 8:59AM PST,01/01/2026 8:59AM PST,Purchase,-$1.75,"114 Troutman St | Dryer 15
114 Troutman St,Brooklyn,NY11206"
01/01/2026 8:59AM PST,01/01/2026 8:59AM PST,Purchase,-$0.25,"114 Troutman St | Stack Dryer 14
114 Troutman St,Brooklyn,NY11206"
01/01/2026 8:59AM PST,01/01/2026 8:59AM PST,Purchase,-$0.25,"114 Troutman St | Stack Dryer 14
114 Troutman St,Brooklyn,NY11206"
01/01/2026 8:58AM PST,01/01/2026 8:58AM PST,Purchase,-$0.25,"114 Troutman St | Stack Dryer 14
114 Troutman St,Brooklyn,NY11206"
01/01/2026 8:58AM PST,01/01/2026 8:58AM PST,Purchase,-$0.25,"114 Troutman St | Stack Dryer 14
114 Troutman St,Brooklyn,NY11206"
01/01/2026 8:58AM PST,01/01/2026 8:58AM PST,Purchase,-$1.75,"114 Troutman St | Stack Dryer 14
114 Troutman St,Brooklyn,NY11206"
01/01/2026 8:05AM PST,01/01/2026 8:05AM PST,Purchase,-$3.00,"114 Troutman St | Washer 06
114 Troutman St,Brooklyn,NY11206"
01/01/2026 8:05AM PST,01/01/2026 8:04AM PST,Purchase,-$3.00,"114 Troutman St | Washer 05
114 Troutman St,Brooklyn,NY11206"
01/01/2026 8:04AM PST,01/01/2026 8:04AM PST,Purchase,-$3.00,"114 Troutman St | Washer 04
114 Troutman St,Brooklyn,NY11206"
12/23/2025 4:19PM PST,12/23/2025 4:19PM PST,Purchase,-$0.25,"114 Troutman St | Stack Dryer 14
114 Troutman St,Brooklyn,NY11206"
12/23/2025 4:19PM PST,12/23/2025 4:19PM PST,Purchase,-$0.25,"114 Troutman St | Stack Dryer 14
114 Troutman St,Brooklyn,NY11206"
12/23/2025 4:19PM PST,12/23/2025 4:19PM PST,Purchase,-$0.25,"114 Troutman St | Stack Dryer 14
114 Troutman St,Brooklyn,NY11206"
12/23/2025 4:19PM PST,12/23/2025 4:18PM PST,Purchase,-$1.75,"114 Troutman St | Stack Dryer 14
114 Troutman St,Brooklyn,NY11206"
12/23/2025 3:17PM PST,12/23/2025 3:17PM PST,Purchase,-$3.00,"114 Troutman St | Washer 02
114 Troutman St,Brooklyn,NY11206"
12/20/2025 4:57PM PST,12/20/2025 4:57PM PST,Purchase,-$0.25,"114 Troutman St | Stack Dryer 14
114 Troutman St,Brooklyn,NY11206"
12/20/2025 4:57PM PST,12/20/2025 4:57PM PST,Purchase,-$0.25,"114 Troutman St | Dryer 13
114 Troutman St,Brooklyn,NY11206"
12/20/2025 4:56PM PST,12/20/2025 4:56PM PST,Purchase,-$0.25,"114 Troutman St | Dryer 13
114 Troutman St,Brooklyn,NY11206"
12/20/2025 4:56PM PST,12/20/2025 4:56PM PST,Purchase,-$0.25,"114 Troutman St | Dryer 13
114 Troutman St,Brooklyn,NY11206"
12/20/2025 4:56PM PST,12/20/2025 4:56PM PST,Purchase,-$0.25,"114 Troutman St | Dryer 13
114 Troutman St,Brooklyn,NY11206"
12/20/2025 4:56PM PST,12/20/2025 4:56PM PST,Purchase,-$0.25,"114 Troutman St | Stack Dryer 14
114 Troutman St,Brooklyn,NY11206"
12/20/2025 4:55PM PST,12/20/2025 4:55PM PST,Purchase,-$0.25,"114 Troutman St | Stack Dryer 14
114 Troutman St,Brooklyn,NY11206"
12/20/2025 4:55PM PST,12/20/2025 4:55PM PST,Purchase,-$0.25,"114 Troutman St | Stack Dryer 14
114 Troutman St,Brooklyn,NY11206"
12/20/2025 4:55PM PST,12/20/2025 4:55PM PST,Purchase,-$1.75,"114 Troutman St | Stack Dryer 14
114 Troutman St,Brooklyn,NY11206"
12/20/2025 4:55PM PST,12/20/2025 4:55PM PST,Purchase,-$1.75,"114 Troutman St | Dryer 13
114 Troutman St,Brooklyn,NY11206"
12/20/2025 4:44PM PST,12/20/2025 4:44PM PST,Added Funds,+$25.00,"
Added Funds using MasterCard-0689"
12/20/2025 3:57PM PST,12/20/2025 3:56PM PST,Purchase,-$3.00,"114 Troutman St | Washer 09
114 Troutman St,Brooklyn,NY11206"
12/20/2025 3:56PM PST,12/20/2025 3:56PM PST,Purchase,-$3.00,"114 Troutman St | Washer 08
114 Troutman St,Brooklyn,NY11206"
11/21/2025 9:14AM PST,11/21/2025 9:14AM PST,Purchase,-$0.25,"114 Troutman St | Stack Dryer 14
114 Troutman St,Brooklyn,NY11206"
11/21/2025 9:14AM PST,11/21/2025 9:14AM PST,Purchase,-$0.25,"114 Troutman St | Stack Dryer 14
114 Troutman St,Brooklyn,NY11206"
11/21/2025 9:14AM PST,11/21/2025 9:14AM PST,Purchase,-$0.25,"114 Troutman St | Stack Dryer 14
114 Troutman St,Brooklyn,NY11206"
11/21/2025 9:14AM PST,11/21/2025 9:14AM PST,Purchase,-$0.25,"114 Troutman St | Stack Dryer 14
114 Troutman St,Brooklyn,NY11206"
11/21/2025 9:13AM PST,11/21/2025 9:13AM PST,Purchase,-$0.25,"114 Troutman St | Stack Dryer 14
114 Troutman St,Brooklyn,NY11206"
11/21/2025 9:13AM PST,11/21/2025 9:13AM PST,Purchase,-$0.25,"114 Troutman St | Stack Dryer 14
114 Troutman St,Brooklyn,NY11206"
11/21/2025 9:13AM PST,11/21/2025 9:13AM PST,Purchase,-$0.25,"114 Troutman St | Stack Dryer 14
114 Troutman St,Brooklyn,NY11206"
11/21/2025 9:13AM PST,11/21/2025 9:13AM PST,Purchase,-$0.25,"114 Troutman St | Stack Dryer 14
114 Troutman St,Brooklyn,NY11206"
11/21/2025 9:13AM PST,11/21/2025 9:12AM PST,Purchase,-$1.75,"114 Troutman St | Stack Dryer 14
114 Troutman St,Brooklyn,NY11206"
11/21/2025 9:12AM PST,11/21/2025 9:12AM PST,Purchase,-$0.25,"114 Troutman St | Dryer 12
114 Troutman St,Brooklyn,NY11206"
11/21/2025 9:12AM PST,11/21/2025 9:12AM PST,Purchase,-$0.25,"114 Troutman St | Dryer 12
114 Troutman St,Brooklyn,NY11206"
11/21/2025 9:12AM PST,11/21/2025 9:12AM PST,Purchase,-$0.25,"114 Troutman St | Dryer 12
114 Troutman St,Brooklyn,NY11206"
11/21/2025 9:12AM PST,11/21/2025 9:11AM PST,Purchase,-$0.25,"114 Troutman St | Dryer 12
114 Troutman St,Brooklyn,NY11206"
11/21/2025 9:11AM PST,11/21/2025 9:11AM PST,Purchase,-$1.75,"114 Troutman St | Dryer 12
114 Troutman St,Brooklyn,NY11206"
11/21/2025 8:16AM PST,11/21/2025 8:16AM PST,Purchase,-$3.00,"114 Troutman St | Washer 03
114 Troutman St,Brooklyn,NY11206"
11/21/2025 8:15AM PST,11/21/2025 8:15AM PST,Purchase,-$3.00,"114 Troutman St | Washer 06
114 Troutman St,Brooklyn,NY11206"
11/21/2025 8:14AM PST,11/21/2025 8:14AM PST,Purchase,-$3.00,"114 Troutman St | Washer 07
114 Troutman St,Brooklyn,NY11206"
11/21/2025 8:14AM PST,11/21/2025 8:14AM PST,Purchase,-$3.00,"114 Troutman St | Washer 09
114 Troutman St,Brooklyn,NY11206"
11/21/2025 8:14AM PST,11/21/2025 8:14AM PST,Added Funds,+$25.00,"
Added Funds using MasterCard-0689"
11/10/2025 10:01AM PST,11/10/2025 10:01AM PST,Purchase,-$0.25,"114 Troutman St | Dryer 13
114 Troutman St,Brooklyn,NY11206"
11/10/2025 10:01AM PST,11/10/2025 10:01AM PST,Purchase,-$0.25,"114 Troutman St | Dryer 13
114 Troutman St,Brooklyn,NY11206"
11/10/2025 10:01AM PST,11/10/2025 10:01AM PST,Purchase,-$0.25,"114 Troutman St | Dryer 13
114 Troutman St,Brooklyn,NY11206"
11/10/2025 10:01AM PST,11/10/2025 10:01AM PST,Purchase,-$0.25,"114 Troutman St | Dryer 13
114 Troutman St,Brooklyn,NY11206"
11/10/2025 10:00AM PST,11/10/2025 10:00AM PST,Purchase,-$1.75,"114 Troutman St | Dryer 13
114 Troutman St,Brooklyn,NY11206"
11/10/2025 8:49AM PST,11/10/2025 8:48AM PST,Purchase,-$3.00,"114 Troutman St | Washer 09
114 Troutman St,Brooklyn,NY11206"
10/31/2025 11:49AM PDT,10/31/2025 11:49AM PDT,Purchase,-$0.25,"114 Troutman St | Stack Dryer 14
114 Troutman St,Brooklyn,NY11206"
10/31/2025 11:49AM PDT,10/31/2025 11:49AM PDT,Purchase,-$0.25,"114 Troutman St | Stack Dryer 14
114 Troutman St,Brooklyn,NY11206"
10/31/2025 11:49AM PDT,10/31/2025 11:49AM PDT,Purchase,-$0.25,"114 Troutman St | Stack Dryer 14
114 Troutman St,Brooklyn,NY11206"
10/31/2025 11:49AM PDT,10/31/2025 11:48AM PDT,Purchase,-$0.25,"114 Troutman St | Stack Dryer 14
114 Troutman St,Brooklyn,NY11206"
10/31/2025 11:48AM PDT,10/31/2025 11:48AM PDT,Purchase,-$1.75,"114 Troutman St | Stack Dryer 14
114 Troutman St,Brooklyn,NY11206"
10/31/2025 10:15AM PDT,10/31/2025 10:15AM PDT,Purchase,-$0.25,"114 Troutman St | Stack Dryer 14
114 Troutman St,Brooklyn,NY11206"
10/31/2025 10:15AM PDT,10/31/2025 10:15AM PDT,Purchase,-$0.25,"114 Troutman St | Stack Dryer 14
114 Troutman St,Brooklyn,NY11206"
10/31/2025 10:15AM PDT,10/31/2025 10:15AM PDT,Purchase,-$0.25,"114 Troutman St | Stack Dryer 14
114 Troutman St,Brooklyn,NY11206"
10/31/2025 10:14AM PDT,10/31/2025 10:14AM PDT,Purchase,-$0.25,"114 Troutman St | Stack Dryer 14
114 Troutman St,Brooklyn,NY11206"
10/31/2025 10:14AM PDT,10/31/2025 10:14AM PDT,Purchase,-$1.75,"114 Troutman St | Stack Dryer 14
114 Troutman St,Brooklyn,NY11206"
10/31/2025 10:13AM PDT,10/31/2025 10:13AM PDT,Purchase,-$0.25,"114 Troutman St | Dryer 11
114 Troutman St,Brooklyn,NY11206"
10/31/2025 10:13AM PDT,10/31/2025 10:13AM PDT,Purchase,-$0.25,"114 Troutman St | Dryer 11
114 Troutman St,Brooklyn,NY11206"
10/31/2025 10:13AM PDT,10/31/2025 10:13AM PDT,Purchase,-$0.25,"114 Troutman St | Dryer 11
114 Troutman St,Brooklyn,NY11206"
10/31/2025 10:13AM PDT,10/31/2025 10:13AM PDT,Purchase,-$0.25,"114 Troutman St | Dryer 11
114 Troutman St,Brooklyn,NY11206"
10/31/2025 10:13AM PDT,10/31/2025 10:13AM PDT,Purchase,-$0.25,"114 Troutman St | Dryer 11
114 Troutman St,Brooklyn,NY11206"
10/31/2025 10:13AM PDT,10/31/2025 10:13AM PDT,Purchase,-$0.25,"114 Troutman St | Dryer 11
114 Troutman St,Brooklyn,NY11206"
10/31/2025 10:12AM PDT,10/31/2025 10:12AM PDT,Purchase,-$0.25,"114 Troutman St | Dryer 11
114 Troutman St,Brooklyn,NY11206"
10/31/2025 10:12AM PDT,10/31/2025 10:12AM PDT,Purchase,-$0.25,"114 Troutman St | Dryer 11
114 Troutman St,Brooklyn,NY11206"
10/31/2025 10:12AM PDT,10/31/2025 10:12AM PDT,Purchase,-$0.25,"114 Troutman St | Dryer 11
114 Troutman St,Brooklyn,NY11206"
10/31/2025 10:12AM PDT,10/31/2025 10:11AM PDT,Purchase,-$1.75,"114 Troutman St | Dryer 11
114 Troutman St,Brooklyn,NY11206"
10/31/2025 10:11AM PDT,10/31/2025 10:11AM PDT,Purchase,-$1.75,"114 Troutman St | Dryer 11
114 Troutman St,Brooklyn,NY11206"
10/31/2025 8:35AM PDT,10/31/2025 8:35AM PDT,Purchase,-$3.00,"114 Troutman St | Washer 10
114 Troutman St,Brooklyn,NY11206"
10/31/2025 8:33AM PDT,10/31/2025 8:33AM PDT,Purchase,-$3.00,"114 Troutman St | Washer 04
114 Troutman St,Brooklyn,NY11206"
10/31/2025 8:33AM PDT,10/31/2025 8:33AM PDT,Purchase,-$3.00,"114 Troutman St | Washer 03
114 Troutman St,Brooklyn,NY11206"
10/31/2025 8:32AM PDT,10/31/2025 8:32AM PDT,Purchase,-$3.00,"114 Troutman St | Washer 02
114 Troutman St,Brooklyn,NY11206"
10/31/2025 8:31AM PDT,10/31/2025 8:31AM PDT,Added Funds,+$25.00,"
Added Funds using MasterCard-0689"
10/03/2025 10:28AM PDT,10/03/2025 10:27AM PDT,Purchase,-$1.75,"114 Troutman St | Dryer 12
114 Troutman St,Brooklyn,NY11206"
10/03/2025 10:27AM PDT,10/03/2025 10:27AM PDT,Purchase,-$1.75,"114 Troutman St | Dryer 12
114 Troutman St,Brooklyn,NY11206"
10/03/2025 9:35AM PDT,10/03/2025 9:35AM PDT,Purchase,-$0.25,"114 Troutman St | Dryer 13
114 Troutman St,Brooklyn,NY11206"
10/03/2025 9:29AM PDT,10/03/2025 9:28AM PDT,Purchase,-$3.00,"114 Troutman St | Washer 04
114 Troutman St,Brooklyn,NY11206"
10/03/2025 9:10AM PDT,10/03/2025 9:10AM PDT,Purchase,-$0.25,"114 Troutman St | Dryer 12
114 Troutman St,Brooklyn,NY11206"
10/03/2025 9:09AM PDT,10/03/2025 9:09AM PDT,Purchase,-$0.25,"114 Troutman St | Dryer 12
114 Troutman St,Brooklyn,NY11206"
10/03/2025 9:09AM PDT,10/03/2025 9:09AM PDT,Purchase,-$0.25,"114 Troutman St | Dryer 12
114 Troutman St,Brooklyn,NY11206"
10/03/2025 9:09AM PDT,10/03/2025 9:09AM PDT,Purchase,-$0.25,"114 Troutman St | Dryer 13
114 Troutman St,Brooklyn,NY11206"
10/03/2025 9:09AM PDT,10/03/2025 9:09AM PDT,Purchase,-$0.25,"114 Troutman St | Dryer 13
114 Troutman St,Brooklyn,NY11206"
10/03/2025 9:08AM PDT,10/03/2025 9:08AM PDT,Purchase,-$0.25,"114 Troutman St | Dryer 13
114 Troutman St,Brooklyn,NY11206"
10/03/2025 9:08AM PDT,10/03/2025 9:08AM PDT,Purchase,-$1.75,"114 Troutman St | Dryer 13
114 Troutman St,Brooklyn,NY11206"
10/03/2025 9:08AM PDT,10/03/2025 9:08AM PDT,Purchase,-$1.75,"114 Troutman St | Dryer 12
114 Troutman St,Brooklyn,NY11206"
10/03/2025 8:14AM PDT,10/03/2025 8:14AM PDT,Purchase,-$3.00,"114 Troutman St | Washer 07
114 Troutman St,Brooklyn,NY11206"
10/03/2025 8:14AM PDT,10/03/2025 8:14AM PDT,Purchase,-$3.00,"114 Troutman St | Washer 08
114 Troutman St,Brooklyn,NY11206"
09/21/2025 3:12PM PDT,09/21/2025 3:12PM PDT,Purchase,-$0.25,"114 Troutman St | Dryer 15
114 Troutman St,Brooklyn,NY11206"
09/21/2025 3:12PM PDT,09/21/2025 3:12PM PDT,Purchase,-$0.25,"114 Troutman St | Dryer 15
114 Troutman St,Brooklyn,NY11206"
09/21/2025 3:12PM PDT,09/21/2025 3:12PM PDT,Purchase,-$0.25,"114 Troutman St | Dryer 15
114 Troutman St,Brooklyn,NY11206"
09/21/2025 3:12PM PDT,09/21/2025 3:12PM PDT,Purchase,-$1.75,"114 Troutman St | Stack Dryer 14
114 Troutman St,Brooklyn,NY11206"
09/21/2025 3:12PM PDT,09/21/2025 3:12PM PDT,Added Funds,+$25.00,"
Added Funds using MasterCard-0689"
09/21/2025 3:11PM PDT,09/21/2025 3:11PM PDT,Purchase,-$1.75,"114 Troutman St | Stack Dryer 14
114 Troutman St,Brooklyn,NY11206"
09/21/2025 3:11PM PDT,09/21/2025 3:11PM PDT,Purchase,-$1.75,"114 Troutman St | Dryer 15
114 Troutman St,Brooklyn,NY11206"
09/21/2025 3:11PM PDT,09/21/2025 3:11PM PDT,Purchase,-$1.75,"114 Troutman St | Dryer 15
114 Troutman St,Brooklyn,NY11206"
09/21/2025 3:10PM PDT,09/21/2025 3:10PM PDT,Purchase,-$1.75,"114 Troutman St | Dryer 15
114 Troutman St,Brooklyn,NY11206"
09/21/2025 2:06PM PDT,09/21/2025 2:05PM PDT,Purchase,-$3.00,"114 Troutman St | Washer 02
114 Troutman St,Brooklyn,NY11206"
09/21/2025 2:05PM PDT,09/21/2025 2:05PM PDT,Purchase,-$3.00,"114 Troutman St | Washer 04
114 Troutman St,Brooklyn,NY11206"
09/21/2025 2:05PM PDT,09/21/2025 2:05PM PDT,Purchase,-$2.50,"114 Troutman St | Washer 06
114 Troutman St,Brooklyn,NY11206"
08/17/2025 12:46PM PDT,08/17/2025 12:46PM PDT,Purchase,-$0.25,"114 Troutman St | Stack Dryer 14
114 Troutman St,Brooklyn,NY11206"
08/17/2025 12:45PM PDT,08/17/2025 12:45PM PDT,Purchase,-$0.25,"114 Troutman St | Stack Dryer 14
114 Troutman St,Brooklyn,NY11206"
08/17/2025 12:45PM PDT,08/17/2025 12:45PM PDT,Purchase,-$0.25,"114 Troutman St | Stack Dryer 14
114 Troutman St,Brooklyn,NY11206"
08/17/2025 12:45PM PDT,08/17/2025 12:45PM PDT,Purchase,-$1.75,"114 Troutman St | Stack Dryer 14
114 Troutman St,Brooklyn,NY11206"
08/17/2025 11:45AM PDT,08/17/2025 11:45AM PDT,Purchase,-$2.50,"114 Troutman St | Washer 04
114 Troutman St,Brooklyn,NY11206"
08/17/2025 11:45AM PDT,08/17/2025 11:45AM PDT,Purchase,-$3.00,"114 Troutman St | Washer 03
114 Troutman St,Brooklyn,NY11206"
08/10/2025 10:54AM PDT,08/10/2025 10:54AM PDT,Purchase,-$0.25,"114 Troutman St | Stack Dryer 14
114 Troutman St,Brooklyn,NY11206"
08/10/2025 10:53AM PDT,08/10/2025 10:53AM PDT,Purchase,-$0.25,"114 Troutman St | Stack Dryer 14
114 Troutman St,Brooklyn,NY11206"
08/10/2025 10:53AM PDT,08/10/2025 10:53AM PDT,Purchase,-$0.25,"114 Troutman St | Stack Dryer 14
114 Troutman St,Brooklyn,NY11206"
08/10/2025 10:53AM PDT,08/10/2025 10:53AM PDT,Purchase,-$0.25,"114 Troutman St | Stack Dryer 14
114 Troutman St,Brooklyn,NY11206"
08/10/2025 10:53AM PDT,08/10/2025 10:53AM PDT,Purchase,-$0.25,"114 Troutman St | Stack Dryer 14
114 Troutman St,Brooklyn,NY11206"
08/10/2025 10:53AM PDT,08/10/2025 10:53AM PDT,Purchase,-$0.25,"114 Troutman St | Stack Dryer 14
114 Troutman St,Brooklyn,NY11206"
08/10/2025 10:52AM PDT,08/10/2025 10:52AM PDT,Purchase,-$0.25,"114 Troutman St | Stack Dryer 14
114 Troutman St,Brooklyn,NY11206"
08/10/2025 10:52AM PDT,08/10/2025 10:52AM PDT,Purchase,-$0.25,"114 Troutman St | Stack Dryer 14
114 Troutman St,Brooklyn,NY11206"
08/10/2025 10:52AM PDT,08/10/2025 10:52AM PDT,Added Funds,+$25.00,"
Added Funds using MasterCard-0689"
08/10/2025 10:51AM PDT,08/10/2025 10:51AM PDT,Purchase,-$1.75,"114 Troutman St | Stack Dryer 14
114 Troutman St,Brooklyn,NY11206"
08/10/2025 10:51AM PDT,08/10/2025 10:51AM PDT,Purchase,-$1.75,"114 Troutman St | Stack Dryer 14
114 Troutman St,Brooklyn,NY11206"
08/10/2025 9:46AM PDT,08/10/2025 9:46AM PDT,Purchase,-$3.00,"114 Troutman St | Washer 07
114 Troutman St,Brooklyn,NY11206"
08/10/2025 9:46AM PDT,08/10/2025 9:46AM PDT,Purchase,-$3.00,"114 Troutman St | Washer 06
114 Troutman St,Brooklyn,NY11206"
07/13/2025 4:09PM PDT,07/13/2025 4:09PM PDT,Purchase,-$0.25,"114 Troutman St | Dryer 13
114 Troutman St,Brooklyn,NY11206"
07/13/2025 4:09PM PDT,07/13/2025 4:09PM PDT,Purchase,-$0.25,"114 Troutman St | Dryer 13
114 Troutman St,Brooklyn,NY11206"
07/13/2025 4:08PM PDT,07/13/2025 4:08PM PDT,Purchase,-$0.25,"114 Troutman St | Dryer 13
114 Troutman St,Brooklyn,NY11206"
07/13/2025 4:08PM PDT,07/13/2025 4:08PM PDT,Purchase,-$1.75,"114 Troutman St | Dryer 13
114 Troutman St,Brooklyn,NY11206"
07/13/2025 4:08PM PDT,07/13/2025 4:08PM PDT,Purchase,-$0.25,"114 Troutman St | Dryer 15
114 Troutman St,Brooklyn,NY11206"
07/13/2025 4:08PM PDT,07/13/2025 4:07PM PDT,Purchase,-$0.25,"114 Troutman St | Dryer 15
114 Troutman St,Brooklyn,NY11206"
07/13/2025 4:07PM PDT,07/13/2025 4:07PM PDT,Purchase,-$0.25,"114 Troutman St | Dryer 15
114 Troutman St,Brooklyn,NY11206"
07/13/2025 4:07PM PDT,07/13/2025 4:07PM PDT,Purchase,-$1.75,"114 Troutman St | Dryer 15
114 Troutman St,Brooklyn,NY11206"
07/13/2025 3:07PM PDT,07/13/2025 3:07PM PDT,Purchase,-$3.00,"114 Troutman St | Washer 04
114 Troutman St,Brooklyn,NY11206"
07/13/2025 3:07PM PDT,07/13/2025 3:06PM PDT,Purchase,-$3.00,"114 Troutman St | Washer 08
114 Troutman St,Brooklyn,NY11206"
07/06/2025 9:39AM PDT,07/06/2025 9:39AM PDT,Purchase,-$0.25,"114 Troutman St | Stack Dryer 14
114 Troutman St,Brooklyn,NY11206"
07/06/2025 9:39AM PDT,07/06/2025 9:39AM PDT,Purchase,-$0.25,"114 Troutman St | Stack Dryer 14
114 Troutman St,Brooklyn,NY11206"
07/06/2025 9:38AM PDT,07/06/2025 9:38AM PDT,Purchase,-$0.25,"114 Troutman St | Dryer 15
114 Troutman St,Brooklyn,NY11206"
07/06/2025 9:38AM PDT,07/06/2025 9:38AM PDT,Purchase,-$0.25,"114 Troutman St | Dryer 15
114 Troutman St,Brooklyn,NY11206"
07/06/2025 9:38AM PDT,07/06/2025 9:38AM PDT,Purchase,-$0.25,"114 Troutman St | Dryer 15
114 Troutman St,Brooklyn,NY11206"
07/06/2025 9:38AM PDT,07/06/2025 9:37AM PDT,Purchase,-$0.25,"114 Troutman St | Dryer 15
114 Troutman St,Brooklyn,NY11206"
07/06/2025 9:37AM PDT,07/06/2025 9:37AM PDT,Purchase,-$1.75,"114 Troutman St | Dryer 15
114 Troutman St,Brooklyn,NY11206"
07/06/2025 9:37AM PDT,07/06/2025 9:37AM PDT,Added Funds,+$25.00,"
Added Funds using MasterCard-0689"
07/06/2025 9:35AM PDT,07/06/2025 9:35AM PDT,Purchase,-$0.25,"114 Troutman St | Stack Dryer 14
114 Troutman St,Brooklyn,NY11206"
07/06/2025 9:35AM PDT,07/06/2025 9:35AM PDT,Purchase,-$0.25,"114 Troutman St | Stack Dryer 14
114 Troutman St,Brooklyn,NY11206"
07/06/2025 9:35AM PDT,07/06/2025 9:35AM PDT,Purchase,-$0.25,"114 Troutman St | Stack Dryer 14
114 Troutman St,Brooklyn,NY11206"
07/06/2025 9:34AM PDT,07/06/2025 9:34AM PDT,Purchase,-$0.25,"114 Troutman St | Stack Dryer 14
114 Troutman St,Brooklyn,NY11206"
07/06/2025 9:34AM PDT,07/06/2025 9:34AM PDT,Purchase,-$0.25,"114 Troutman St | Stack Dryer 14
114 Troutman St,Brooklyn,NY11206"
07/06/2025 9:34AM PDT,07/06/2025 9:34AM PDT,Purchase,-$0.25,"114 Troutman St | Stack Dryer 14
114 Troutman St,Brooklyn,NY11206"
07/06/2025 9:34AM PDT,07/06/2025 9:34AM PDT,Purchase,-$1.75,"114 Troutman St | Stack Dryer 14
114 Troutman St,Brooklyn,NY11206"
07/06/2025 9:34AM PDT,07/06/2025 9:33AM PDT,Purchase,-$1.75,"114 Troutman St | Stack Dryer 14
114 Troutman St,Brooklyn,NY11206"
07/06/2025 8:40AM PDT,07/06/2025 8:40AM PDT,Purchase,-$3.00,"114 Troutman St | Washer 07
114 Troutman St,Brooklyn,NY11206"
07/06/2025 8:39AM PDT,07/06/2025 8:39AM PDT,Purchase,-$3.00,"114 Troutman St | Washer 03
114 Troutman St,Brooklyn,NY11206"
07/06/2025 8:39AM PDT,07/06/2025 8:39AM PDT,Purchase,-$3.00,"114 Troutman St | Washer 02
114 Troutman St,Brooklyn,NY11206"
06/08/2025 1:14PM PDT,06/08/2025 1:14PM PDT,Purchase,-$0.25,"114 Troutman St | Dryer 12
114 Troutman St,Brooklyn,NY11206"
06/08/2025 1:13PM PDT,06/08/2025 1:13PM PDT,Purchase,-$0.25,"114 Troutman St | Dryer 12
114 Troutman St,Brooklyn,NY11206"
06/08/2025 1:13PM PDT,06/08/2025 1:13PM PDT,Purchase,-$0.25,"114 Troutman St | Dryer 12
114 Troutman St,Brooklyn,NY11206"
06/08/2025 1:13PM PDT,06/08/2025 1:13PM PDT,Purchase,-$1.75,"114 Troutman St | Dryer 12
114 Troutman St,Brooklyn,NY11206"
06/08/2025 1:13PM PDT,06/08/2025 1:12PM PDT,Purchase,-$0.25,"114 Troutman St | Dryer 13
114 Troutman St,Brooklyn,NY11206"
06/08/2025 1:12PM PDT,06/08/2025 1:12PM PDT,Purchase,-$0.25,"114 Troutman St | Dryer 13
114 Troutman St,Brooklyn,NY11206"
06/08/2025 1:12PM PDT,06/08/2025 1:12PM PDT,Purchase,-$0.25,"114 Troutman St | Dryer 13
114 Troutman St,Brooklyn,NY11206"
06/08/2025 1:12PM PDT,06/08/2025 1:12PM PDT,Purchase,-$1.75,"114 Troutman St | Dryer 13
114 Troutman St,Brooklyn,NY11206"
06/08/2025 11:58AM PDT,06/08/2025 11:57AM PDT,Purchase,-$2.50,"114 Troutman St | Washer 07
114 Troutman St,Brooklyn,NY11206"
06/08/2025 11:57AM PDT,06/08/2025 11:57AM PDT,Purchase,-$2.50,"114 Troutman St | Washer 08
114 Troutman St,Brooklyn,NY11206"
05/19/2025 4:07PM PDT,05/19/2025 4:07PM PDT,Purchase,-$0.25,"114 Troutman St | Dryer 12
114 Troutman St,Brooklyn,NY11206"
05/19/2025 4:07PM PDT,05/19/2025 4:07PM PDT,Purchase,-$0.25,"114 Troutman St | Dryer 12
114 Troutman St,Brooklyn,NY11206"
05/19/2025 4:07PM PDT,05/19/2025 4:06PM PDT,Purchase,-$0.25,"114 Troutman St | Dryer 12
114 Troutman St,Brooklyn,NY11206"
05/19/2025 4:06PM PDT,05/19/2025 4:06PM PDT,Purchase,-$0.25,"114 Troutman St | Dryer 13
114 Troutman St,Brooklyn,NY11206"
05/19/2025 4:06PM PDT,05/19/2025 4:06PM PDT,Purchase,-$0.25,"114 Troutman St | Dryer 13
114 Troutman St,Brooklyn,NY11206"
05/19/2025 4:06PM PDT,05/19/2025 4:06PM PDT,Purchase,-$0.25,"114 Troutman St | Dryer 13
114 Troutman St,Brooklyn,NY11206"
05/19/2025 4:06PM PDT,05/19/2025 4:06PM PDT,Added Funds,+$25.00,"
Added Funds using MasterCard-0689"
05/19/2025 4:05PM PDT,05/19/2025 4:05PM PDT,Purchase,-$1.75,"114 Troutman St | Dryer 13
114 Troutman St,Brooklyn,NY11206"
05/19/2025 4:05PM PDT,05/19/2025 4:05PM PDT,Purchase,-$1.75,"114 Troutman St | Dryer 12
114 Troutman St,Brooklyn,NY11206"
05/19/2025 3:02PM PDT,05/19/2025 3:02PM PDT,Purchase,-$2.50,"114 Troutman St | Washer 07
114 Troutman St,Brooklyn,NY11206"
05/19/2025 3:01PM PDT,05/19/2025 3:01PM PDT,Purchase,-$2.50,"114 Troutman St | Washer 08
114 Troutman St,Brooklyn,NY11206"
05/19/2025 3:00PM PDT,05/19/2025 3:00PM PDT,Purchase,-$2.50,"114 Troutman St | Washer 10
114 Troutman St,Brooklyn,NY11206"
05/04/2025 5:34PM PDT,05/04/2025 5:34PM PDT,Purchase,-$0.25,"114 Troutman St | Dryer 15
114 Troutman St,Brooklyn,NY11206"
05/04/2025 5:34PM PDT,05/04/2025 5:33PM PDT,Purchase,-$0.25,"114 Troutman St | Dryer 15
114 Troutman St,Brooklyn,NY11206"
05/04/2025 5:33PM PDT,05/04/2025 5:33PM PDT,Purchase,-$0.25,"114 Troutman St | Dryer 15
114 Troutman St,Brooklyn,NY11206"
05/04/2025 5:33PM PDT,05/04/2025 5:33PM PDT,Purchase,-$0.25,"114 Troutman St | Dryer 12
114 Troutman St,Brooklyn,NY11206"
05/04/2025 5:33PM PDT,05/04/2025 5:33PM PDT,Purchase,-$0.25,"114 Troutman St | Dryer 12
114 Troutman St,Brooklyn,NY11206"
05/04/2025 5:33PM PDT,05/04/2025 5:32PM PDT,Purchase,-$0.25,"114 Troutman St | Dryer 12
114 Troutman St,Brooklyn,NY11206"
05/04/2025 5:32PM PDT,05/04/2025 5:32PM PDT,Purchase,-$1.75,"114 Troutman St | Dryer 12
114 Troutman St,Brooklyn,NY11206"
05/04/2025 5:32PM PDT,05/04/2025 5:32PM PDT,Purchase,-$1.75,"114 Troutman St | Dryer 13
114 Troutman St,Brooklyn,NY11206"
05/04/2025 5:32PM PDT,05/04/2025 5:31PM PDT,Purchase,-$1.75,"114 Troutman St | Dryer 15
114 Troutman St,Brooklyn,NY11206"
05/04/2025 4:55PM PDT,05/04/2025 4:54PM PDT,Purchase,-$2.50,"114 Troutman St | Washer 08
114 Troutman St,Brooklyn,NY11206"
05/04/2025 4:54PM PDT,05/04/2025 4:53PM PDT,Purchase,-$2.50,"114 Troutman St | Washer 07
114 Troutman St,Brooklyn,NY11206"
04/27/2025 3:01PM PDT,04/27/2025 3:01PM PDT,Purchase,-$0.25,"114 Troutman St | Dryer 11
114 Troutman St,Brooklyn,NY11206"
04/27/2025 3:01PM PDT,04/27/2025 3:01PM PDT,Purchase,-$0.25,"114 Troutman St | Dryer 11
114 Troutman St,Brooklyn,NY11206"
04/27/2025 3:01PM PDT,04/27/2025 3:01PM PDT,Purchase,-$0.25,"114 Troutman St | Dryer 11
114 Troutman St,Brooklyn,NY11206"
04/27/2025 3:01PM PDT,04/27/2025 3:01PM PDT,Purchase,-$0.25,"114 Troutman St | Dryer 11
114 Troutman St,Brooklyn,NY11206"
04/27/2025 3:00PM PDT,04/27/2025 3:00PM PDT,Purchase,-$0.25,"114 Troutman St | Dryer 11
114 Troutman St,Brooklyn,NY11206"
04/27/2025 3:00PM PDT,04/27/2025 3:00PM PDT,Purchase,-$0.25,"114 Troutman St | Dryer 11
114 Troutman St,Brooklyn,NY11206"
04/27/2025 3:00PM PDT,04/27/2025 3:00PM PDT,Purchase,-$0.25,"114 Troutman St | Dryer 12
114 Troutman St,Brooklyn,NY11206"
04/27/2025 3:00PM PDT,04/27/2025 3:00PM PDT,Purchase,-$0.25,"114 Troutman St | Dryer 12
114 Troutman St,Brooklyn,NY11206"
04/27/2025 3:00PM PDT,04/27/2025 3:00PM PDT,Purchase,-$0.25,"114 Troutman St | Dryer 12
114 Troutman St,Brooklyn,NY11206"
04/27/2025 2:59PM PDT,04/27/2025 2:59PM PDT,Added Funds,+$25.00,"
Added Funds using MasterCard-0689"
04/27/2025 2:59PM PDT,04/27/2025 2:59PM PDT,Purchase,-$1.75,"114 Troutman St | Dryer 12
114 Troutman St,Brooklyn,NY11206"
04/27/2025 2:59PM PDT,04/27/2025 2:59PM PDT,Purchase,-$1.75,"114 Troutman St | Dryer 11
114 Troutman St,Brooklyn,NY11206"
04/27/2025 2:59PM PDT,04/27/2025 2:58PM PDT,Purchase,-$1.75,"114 Troutman St | Dryer 11
114 Troutman St,Brooklyn,NY11206"
04/27/2025 1:51PM PDT,04/27/2025 1:51PM PDT,Purchase,-$2.50,"114 Troutman St | Washer 02
114 Troutman St,Brooklyn,NY11206"
04/27/2025 1:51PM PDT,04/27/2025 1:51PM PDT,Purchase,-$2.50,"114 Troutman St | Washer 01
114 Troutman St,Brooklyn,NY11206"
03/30/2025 6:07PM PDT,03/30/2025 6:07PM PDT,Purchase,-$0.25,"114 Troutman St | Dryer 15
114 Troutman St,Brooklyn,NY11206"
03/30/2025 6:07PM PDT,03/30/2025 6:06PM PDT,Purchase,-$0.25,"114 Troutman St | Dryer 15
114 Troutman St,Brooklyn,NY11206"
03/30/2025 6:06PM PDT,03/30/2025 6:06PM PDT,Purchase,-$0.25,"114 Troutman St | Dryer 15
114 Troutman St,Brooklyn,NY11206"
03/30/2025 6:06PM PDT,03/30/2025 6:06PM PDT,Purchase,-$1.75,"114 Troutman St | Dryer 15
114 Troutman St,Brooklyn,NY11206"
03/30/2025 5:09PM PDT,03/30/2025 5:08PM PDT,Purchase,-$2.50,"114 Troutman St | Washer 05
114 Troutman St,Brooklyn,NY11206"
03/23/2025 9:53AM PDT,03/23/2025 9:53AM PDT,Purchase,-$0.25,"114 Troutman St | Dryer 13
114 Troutman St,Brooklyn,NY11206"
03/23/2025 9:53AM PDT,03/23/2025 9:53AM PDT,Purchase,-$0.25,"114 Troutman St | Dryer 12
114 Troutman St,Brooklyn,NY11206"
03/23/2025 9:53AM PDT,03/23/2025 9:53AM PDT,Purchase,-$0.25,"114 Troutman St | Dryer 11
114 Troutman St,Brooklyn,NY11206"
03/23/2025 9:53AM PDT,03/23/2025 9:53AM PDT,Purchase,-$0.25,"114 Troutman St | Dryer 11
114 Troutman St,Brooklyn,NY11206"
03/23/2025 9:53AM PDT,03/23/2025 9:53AM PDT,Purchase,-$0.25,"114 Troutman St | Dryer 11
114 Troutman St,Brooklyn,NY11206"
03/23/2025 9:53AM PDT,03/23/2025 9:52AM PDT,Purchase,-$0.25,"114 Troutman St | Dryer 11
114 Troutman St,Brooklyn,NY11206"
03/23/2025 9:52AM PDT,03/23/2025 9:52AM PDT,Purchase,-$0.25,"114 Troutman St | Dryer 12
114 Troutman St,Brooklyn,NY11206"
03/23/2025 9:52AM PDT,03/23/2025 9:52AM PDT,Purchase,-$0.25,"114 Troutman St | Dryer 12
114 Troutman St,Brooklyn,NY11206"
03/23/2025 9:52AM PDT,03/23/2025 9:52AM PDT,Purchase,-$0.25,"114 Troutman St | Dryer 12
114 Troutman St,Brooklyn,NY11206"
03/23/2025 9:51AM PDT,03/23/2025 9:51AM PDT,Purchase,-$0.25,"114 Troutman St | Dryer 13
114 Troutman St,Brooklyn,NY11206"
03/23/2025 9:51AM PDT,03/23/2025 9:51AM PDT,Purchase,-$0.25,"114 Troutman St | Dryer 13
114 Troutman St,Brooklyn,NY11206"
03/23/2025 9:51AM PDT,03/23/2025 9:51AM PDT,Purchase,-$0.25,"114 Troutman St | Dryer 13
114 Troutman St,Brooklyn,NY11206"
03/23/2025 9:50AM PDT,03/23/2025 9:50AM PDT,Purchase,-$1.75,"114 Troutman St | Dryer 13
114 Troutman St,Brooklyn,NY11206"
03/23/2025 9:50AM PDT,03/23/2025 9:50AM PDT,Purchase,-$1.75,"114 Troutman St | Dryer 12
114 Troutman St,Brooklyn,NY11206"
03/23/2025 9:50AM PDT,03/23/2025 9:50AM PDT,Purchase,-$1.75,"114 Troutman St | Dryer 11
114 Troutman St,Brooklyn,NY11206"
03/23/2025 8:55AM PDT,03/23/2025 8:54AM PDT,Purchase,-$2.50,"114 Troutman St | Washer 10
114 Troutman St,Brooklyn,NY11206"
03/23/2025 8:54AM PDT,03/23/2025 8:54AM PDT,Added Funds,+$25.00,"
Added Funds using MasterCard-0689"
03/23/2025 8:54AM PDT,03/23/2025 8:54AM PDT,Purchase,-$2.50,"114 Troutman St | Washer 09
114 Troutman St,Brooklyn,NY11206"
03/23/2025 8:53AM PDT,03/23/2025 8:53AM PDT,Purchase,-$2.50,"114 Troutman St | Washer 05
114 Troutman St,Brooklyn,NY11206"
02/23/2025 12:24PM PST,02/23/2025 12:23PM PST,Purchase,-$1.75,"114 Troutman St | Dryer 15
114 Troutman St,Brooklyn,NY11206"
02/23/2025 12:23PM PST,02/23/2025 12:23PM PST,Purchase,-$0.25,"114 Troutman St | Dryer 15
114 Troutman St,Brooklyn,NY11206"
02/23/2025 11:11AM PST,02/23/2025 11:11AM PST,Purchase,-$0.25,"114 Troutman St | Dryer 11
114 Troutman St,Brooklyn,NY11206"
02/23/2025 11:11AM PST,02/23/2025 11:11AM PST,Purchase,-$0.25,"114 Troutman St | Dryer 11
114 Troutman St,Brooklyn,NY11206"
02/23/2025 11:10AM PST,02/23/2025 11:10AM PST,Purchase,-$0.25,"114 Troutman St | Dryer 11
114 Troutman St,Brooklyn,NY11206"
02/23/2025 11:10AM PST,02/23/2025 11:10AM PST,Purchase,-$1.75,"114 Troutman St | Dryer 11
114 Troutman St,Brooklyn,NY11206"
02/23/2025 11:09AM PST,02/23/2025 11:09AM PST,Purchase,-$0.25,"114 Troutman St | Dryer 13
114 Troutman St,Brooklyn,NY11206"
02/23/2025 11:09AM PST,02/23/2025 11:09AM PST,Purchase,-$0.25,"114 Troutman St | Dryer 13
114 Troutman St,Brooklyn,NY11206"
02/23/2025 11:09AM PST,02/23/2025 11:09AM PST,Purchase,-$0.25,"114 Troutman St | Dryer 13
114 Troutman St,Brooklyn,NY11206"
02/23/2025 11:09AM PST,02/23/2025 11:09AM PST,Purchase,-$1.75,"114 Troutman St | Dryer 13
114 Troutman St,Brooklyn,NY11206"
02/23/2025 10:19AM PST,02/23/2025 10:19AM PST,Purchase,-$2.50,"114 Troutman St | Washer 02
114 Troutman St,Brooklyn,NY11206"
02/23/2025 10:18AM PST,02/23/2025 10:18AM PST,Purchase,-$2.50,"114 Troutman St | Washer 01
114 Troutman St,Brooklyn,NY11206"
02/09/2025 1:23PM PST,02/09/2025 1:23PM PST,Purchase,-$1.75,"114 Troutman St | Dryer 14
114 Troutman St,Brooklyn,NY11206"
02/09/2025 1:23PM PST,02/09/2025 1:23PM PST,Purchase,-$0.25,"114 Troutman St | Dryer 14
114 Troutman St,Brooklyn,NY11206"
02/09/2025 1:23PM PST,02/09/2025 1:23PM PST,Purchase,-$0.25,"114 Troutman St | Dryer 14
114 Troutman St,Brooklyn,NY11206"
02/09/2025 12:15PM PST,02/09/2025 12:15PM PST,Purchase,-$0.25,"114 Troutman St | Dryer 13
114 Troutman St,Brooklyn,NY11206"
02/09/2025 12:15PM PST,02/09/2025 12:15PM PST,Purchase,-$0.25,"114 Troutman St | Dryer 14
114 Troutman St,Brooklyn,NY11206"
02/09/2025 12:14PM PST,02/09/2025 12:14PM PST,Purchase,-$0.25,"114 Troutman St | Dryer 14
114 Troutman St,Brooklyn,NY11206"
02/09/2025 12:15PM PST,02/09/2025 12:14PM PST,Purchase,-$0.25,"114 Troutman St | Dryer 13
114 Troutman St,Brooklyn,NY11206"
02/09/2025 12:14PM PST,02/09/2025 12:14PM PST,Purchase,-$0.25,"114 Troutman St | Dryer 13
114 Troutman St,Brooklyn,NY11206"
02/09/2025 12:14PM PST,02/09/2025 12:14PM PST,Purchase,-$0.25,"114 Troutman St | Dryer 13
114 Troutman St,Brooklyn,NY11206"
02/09/2025 12:14PM PST,02/09/2025 12:14PM PST,Purchase,-$0.25,"114 Troutman St | Dryer 13
114 Troutman St,Brooklyn,NY11206"
02/09/2025 12:13PM PST,02/09/2025 12:13PM PST,Purchase,-$0.25,"114 Troutman St | Dryer 13
114 Troutman St,Brooklyn,NY11206"
02/09/2025 12:13PM PST,02/09/2025 12:13PM PST,Purchase,-$0.25,"114 Troutman St | Dryer 14
114 Troutman St,Brooklyn,NY11206"
02/09/2025 12:13PM PST,02/09/2025 12:13PM PST,Purchase,-$0.25,"114 Troutman St | Dryer 14
114 Troutman St,Brooklyn,NY11206"
02/09/2025 12:13PM PST,02/09/2025 12:13PM PST,Purchase,-$0.25,"114 Troutman St | Dryer 14
114 Troutman St,Brooklyn,NY11206"
02/09/2025 12:12PM PST,02/09/2025 12:12PM PST,Purchase,-$0.25,"114 Troutman St | Dryer 14
114 Troutman St,Brooklyn,NY11206"
02/09/2025 12:12PM PST,02/09/2025 12:12PM PST,Purchase,-$1.75,"114 Troutman St | Dryer 14
114 Troutman St,Brooklyn,NY11206"
02/09/2025 12:12PM PST,02/09/2025 12:12PM PST,Added Funds,+$25.00,"
Added Funds using MasterCard-0689"
02/09/2025 12:12PM PST,02/09/2025 12:12PM PST,Purchase,-$1.75,"114 Troutman St | Dryer 14
114 Troutman St,Brooklyn,NY11206"
02/09/2025 12:12PM PST,02/09/2025 12:11PM PST,Purchase,-$1.75,"114 Troutman St | Dryer 13
114 Troutman St,Brooklyn,NY11206"
02/09/2025 12:11PM PST,02/09/2025 12:11PM PST,Purchase,-$1.75,"114 Troutman St | Dryer 13
114 Troutman St,Brooklyn,NY11206"
02/09/2025 11:32AM PST,02/09/2025 11:32AM PST,Purchase,-$2.50,"114 Troutman St | Washer 04
114 Troutman St,Brooklyn,NY11206"
02/09/2025 11:32AM PST,02/09/2025 11:32AM PST,Purchase,-$2.50,"114 Troutman St | Washer 03
114 Troutman St,Brooklyn,NY11206"
02/09/2025 11:32AM PST,02/09/2025 11:32AM PST,Purchase,-$2.50,"114 Troutman St | Washer 02
114 Troutman St,Brooklyn,NY11206"
02/09/2025 11:32AM PST,02/09/2025 11:31AM PST,Purchase,-$2.50,"114 Troutman St | Washer 01
114 Troutman St,Brooklyn,NY11206"
02/05/2025 4:14PM PST,02/05/2025 4:14PM PST,Purchase,-$0.25,"114 Troutman St | Dryer 13
114 Troutman St,Brooklyn,NY11206"
02/05/2025 4:14PM PST,02/05/2025 4:14PM PST,Purchase,-$0.25,"114 Troutman St | Dryer 12
114 Troutman St,Brooklyn,NY11206"
02/05/2025 4:14PM PST,02/05/2025 4:14PM PST,Purchase,-$0.25,"114 Troutman St | Dryer 14
114 Troutman St,Brooklyn,NY11206"
02/05/2025 4:13PM PST,02/05/2025 4:13PM PST,Purchase,-$0.25,"114 Troutman St | Dryer 14
114 Troutman St,Brooklyn,NY11206"
02/05/2025 4:13PM PST,02/05/2025 4:13PM PST,Purchase,-$0.25,"114 Troutman St | Dryer 14
114 Troutman St,Brooklyn,NY11206"
02/05/2025 4:13PM PST,02/05/2025 4:13PM PST,Purchase,-$1.75,"114 Troutman St | Dryer 14
114 Troutman St,Brooklyn,NY11206"
02/05/2025 4:13PM PST,02/05/2025 4:13PM PST,Purchase,-$0.25,"114 Troutman St | Dryer 13
114 Troutman St,Brooklyn,NY11206"
02/05/2025 4:13PM PST,02/05/2025 4:12PM PST,Purchase,-$0.25,"114 Troutman St | Dryer 13
114 Troutman St,Brooklyn,NY11206"
02/05/2025 4:12PM PST,02/05/2025 4:12PM PST,Purchase,-$1.75,"114 Troutman St | Dryer 13
114 Troutman St,Brooklyn,NY11206"
02/05/2025 4:12PM PST,02/05/2025 4:12PM PST,Purchase,-$0.25,"114 Troutman St | Dryer 12
114 Troutman St,Brooklyn,NY11206"
02/05/2025 4:12PM PST,02/05/2025 4:12PM PST,Purchase,-$0.25,"114 Troutman St | Dryer 12
114 Troutman St,Brooklyn,NY11206"
02/05/2025 4:11PM PST,02/05/2025 4:11PM PST,Purchase,-$1.75,"114 Troutman St | Dryer 12
114 Troutman St,Brooklyn,NY11206"
02/05/2025 3:31PM PST,02/05/2025 3:31PM PST,Purchase,-$2.50,"114 Troutman St | Washer 05
114 Troutman St,Brooklyn,NY11206"
02/05/2025 3:31PM PST,02/05/2025 3:31PM PST,Added Funds,+$25.00,"
Added Funds using MasterCard-0689"
02/05/2025 3:30PM PST,02/05/2025 3:30PM PST,Purchase,-$2.50,"114 Troutman St | Washer 04
114 Troutman St,Brooklyn,NY11206"
02/05/2025 3:30PM PST,02/05/2025 3:30PM PST,Purchase,-$2.50,"114 Troutman St | Washer 03
114 Troutman St,Brooklyn,NY11206"
01/19/2025 11:24AM PST,01/19/2025 11:24AM PST,Purchase,-$0.25,"114 Troutman St | Dryer 12
114 Troutman St,Brooklyn,NY11206"
01/19/2025 11:23AM PST,01/19/2025 11:23AM PST,Purchase,-$0.25,"114 Troutman St | Dryer 12
114 Troutman St,Brooklyn,NY11206"
01/19/2025 11:23AM PST,01/19/2025 11:23AM PST,Purchase,-$0.25,"114 Troutman St | Dryer 12
114 Troutman St,Brooklyn,NY11206"
01/19/2025 11:22AM PST,01/19/2025 11:22AM PST,Purchase,-$1.75,"114 Troutman St | Dryer 12
114 Troutman St,Brooklyn,NY11206"
01/19/2025 11:22AM PST,01/19/2025 11:22AM PST,Purchase,-$0.25,"114 Troutman St | Dryer 13
114 Troutman St,Brooklyn,NY11206"
01/19/2025 11:22AM PST,01/19/2025 11:22AM PST,Purchase,-$0.25,"114 Troutman St | Dryer 13
114 Troutman St,Brooklyn,NY11206"
01/19/2025 11:22AM PST,01/19/2025 11:22AM PST,Purchase,-$0.25,"114 Troutman St | Dryer 13
114 Troutman St,Brooklyn,NY11206"
01/19/2025 11:21AM PST,01/19/2025 11:21AM PST,Purchase,-$1.75,"114 Troutman St | Dryer 13
114 Troutman St,Brooklyn,NY11206"
01/19/2025 11:21AM PST,01/19/2025 11:21AM PST,Purchase,-$0.25,"114 Troutman St | Dryer 14
114 Troutman St,Brooklyn,NY11206"
01/19/2025 11:21AM PST,01/19/2025 11:21AM PST,Purchase,-$0.25,"114 Troutman St | Dryer 14
114 Troutman St,Brooklyn,NY11206"
01/19/2025 11:21AM PST,01/19/2025 11:21AM PST,Purchase,-$1.75,"114 Troutman St | Dryer 14
114 Troutman St,Brooklyn,NY11206"
01/19/2025 10:22AM PST,01/19/2025 10:22AM PST,Purchase,-$2.50,"114 Troutman St | Washer 06
114 Troutman St,Brooklyn,NY11206"
01/19/2025 10:22AM PST,01/19/2025 10:21AM PST,Purchase,-$2.50,"114 Troutman St | Washer 04
114 Troutman St,Brooklyn,NY11206"
01/19/2025 10:21AM PST,01/19/2025 10:21AM PST,Purchase,-$2.50,"114 Troutman St | Washer 03
114 Troutman St,Brooklyn,NY11206"
01/05/2025 3:25PM PST,01/05/2025 3:25PM PST,Purchase,-$0.25,"114 Troutman St | Dryer 12
114 Troutman St,Brooklyn,NY11206"
01/05/2025 3:24PM PST,01/05/2025 3:24PM PST,Purchase,-$0.25,"114 Troutman St | Dryer 12
114 Troutman St,Brooklyn,NY11206"
01/05/2025 3:24PM PST,01/05/2025 3:24PM PST,Purchase,-$0.25,"114 Troutman St | Dryer 12
114 Troutman St,Brooklyn,NY11206"
01/05/2025 3:24PM PST,01/05/2025 3:23PM PST,Purchase,-$1.75,"114 Troutman St | Dryer 12
114 Troutman St,Brooklyn,NY11206"
01/05/2025 2:41PM PST,01/05/2025 2:41PM PST,Added Funds,+$25.00,"
Added Funds using MasterCard-0689"
01/05/2025 2:41PM PST,01/05/2025 2:41PM PST,Purchase,-$2.50,"114 Troutman St | Washer 01
114 Troutman St,Brooklyn,NY11206"
11/24/2024 5:21PM PST,11/24/2024 5:21PM PST,Purchase,-$0.25,"114 Troutman St | Dryer 11
114 Troutman St,Brooklyn,NY11206"
11/24/2024 5:20PM PST,11/24/2024 5:20PM PST,Purchase,-$0.25,"114 Troutman St | Dryer 11
114 Troutman St,Brooklyn,NY11206"
11/24/2024 5:20PM PST,11/24/2024 5:20PM PST,Purchase,-$0.25,"114 Troutman St | Dryer 11
114 Troutman St,Brooklyn,NY11206"
11/24/2024 5:20PM PST,11/24/2024 5:20PM PST,Purchase,-$0.25,"114 Troutman St | Dryer 11
114 Troutman St,Brooklyn,NY11206"
11/24/2024 5:20PM PST,11/24/2024 5:20PM PST,Purchase,-$0.25,"114 Troutman St | Dryer 11
114 Troutman St,Brooklyn,NY11206"
11/24/2024 5:19PM PST,11/24/2024 5:19PM PST,Purchase,-$0.25,"114 Troutman St | Dryer 11
114 Troutman St,Brooklyn,NY11206"
11/24/2024 5:19PM PST,11/24/2024 5:19PM PST,Purchase,-$1.75,"114 Troutman St | Dryer 11
114 Troutman St,Brooklyn,NY11206"
11/24/2024 5:19PM PST,11/24/2024 5:18PM PST,Purchase,-$1.75,"114 Troutman St | Dryer 11
114 Troutman St,Brooklyn,NY11206"
11/24/2024 4:02PM PST,11/24/2024 4:02PM PST,Purchase,-$0.25,"114 Troutman St | Dryer 11
114 Troutman St,Brooklyn,NY11206"
11/24/2024 4:02PM PST,11/24/2024 4:02PM PST,Purchase,-$0.25,"114 Troutman St | Dryer 11
114 Troutman St,Brooklyn,NY11206"
11/24/2024 4:02PM PST,11/24/2024 4:02PM PST,Purchase,-$0.25,"114 Troutman St | Dryer 11
114 Troutman St,Brooklyn,NY11206"
11/24/2024 4:01PM PST,11/24/2024 4:01PM PST,Purchase,-$1.75,"114 Troutman St | Dryer 11
114 Troutman St,Brooklyn,NY11206"
11/24/2024 3:04PM PST,11/24/2024 3:03PM PST,Purchase,-$2.50,"114 Troutman St | Washer 08
114 Troutman St,Brooklyn,NY11206"
11/24/2024 3:02PM PST,11/24/2024 3:02PM PST,Purchase,-$2.50,"114 Troutman St | Washer 01
114 Troutman St,Brooklyn,NY11206"
11/24/2024 3:02PM PST,11/24/2024 3:02PM PST,Purchase,-$2.50,"114 Troutman St | Washer 06
114 Troutman St,Brooklyn,NY11206"
11/05/2024 4:28PM PST,11/05/2024 4:28PM PST,Purchase,-$0.25,"114 Troutman St | Dryer 13
114 Troutman St,Brooklyn,NY11206"
11/05/2024 4:28PM PST,11/05/2024 4:28PM PST,Purchase,-$0.25,"114 Troutman St | Dryer 13
114 Troutman St,Brooklyn,NY11206"
11/05/2024 4:27PM PST,11/05/2024 4:27PM PST,Purchase,-$0.25,"114 Troutman St | Dryer 13
114 Troutman St,Brooklyn,NY11206"
11/05/2024 4:27PM PST,11/05/2024 4:27PM PST,Purchase,-$0.25,"114 Troutman St | Dryer 13
114 Troutman St,Brooklyn,NY11206"
11/05/2024 4:27PM PST,11/05/2024 4:27PM PST,Purchase,-$1.75,"114 Troutman St | Dryer 13
114 Troutman St,Brooklyn,NY11206"
11/05/2024 3:47PM PST,11/05/2024 3:47PM PST,Purchase,-$2.50,"114 Troutman St | Washer 05
114 Troutman St,Brooklyn,NY11206"
10/26/2024 2:12PM PDT,10/26/2024 2:12PM PDT,Purchase,-$0.25,"114 Troutman St | Dryer 12
114 Troutman St,Brooklyn,NY11206"
10/26/2024 2:12PM PDT,10/26/2024 2:12PM PDT,Purchase,-$0.25,"114 Troutman St | Dryer 14
114 Troutman St,Brooklyn,NY11206"
10/26/2024 2:11PM PDT,10/26/2024 2:11PM PDT,Purchase,-$0.25,"114 Troutman St | Dryer 14
114 Troutman St,Brooklyn,NY11206"
10/26/2024 2:11PM PDT,10/26/2024 2:11PM PDT,Purchase,-$0.25,"114 Troutman St | Dryer 15
114 Troutman St,Brooklyn,NY11206"
10/26/2024 2:11PM PDT,10/26/2024 2:11PM PDT,Purchase,-$0.25,"114 Troutman St | Dryer 15
114 Troutman St,Brooklyn,NY11206"
10/26/2024 2:11PM PDT,10/26/2024 2:11PM PDT,Purchase,-$0.25,"114 Troutman St | Dryer 15
114 Troutman St,Brooklyn,NY11206"
10/26/2024 2:11PM PDT,10/26/2024 2:10PM PDT,Purchase,-$0.25,"114 Troutman St | Dryer 15
114 Troutman St,Brooklyn,NY11206"
10/26/2024 2:10PM PDT,10/26/2024 2:10PM PDT,Purchase,-$0.25,"114 Troutman St | Dryer 14
114 Troutman St,Brooklyn,NY11206"
10/26/2024 2:10PM PDT,10/26/2024 2:10PM PDT,Purchase,-$0.25,"114 Troutman St | Dryer 14
114 Troutman St,Brooklyn,NY11206"
10/26/2024 2:10PM PDT,10/26/2024 2:10PM PDT,Purchase,-$0.25,"114 Troutman St | Dryer 14
114 Troutman St,Brooklyn,NY11206"
10/26/2024 2:10PM PDT,10/26/2024 2:09PM PDT,Purchase,-$0.25,"114 Troutman St | Dryer 14
114 Troutman St,Brooklyn,NY11206"
10/26/2024 2:09PM PDT,10/26/2024 2:09PM PDT,Purchase,-$1.75,"114 Troutman St | Dryer 14
114 Troutman St,Brooklyn,NY11206"
10/26/2024 2:09PM PDT,10/26/2024 2:09PM PDT,Added Funds,+$25.00,"
Added Funds using MasterCard-0689"
10/26/2024 2:09PM PDT,10/26/2024 2:09PM PDT,Purchase,-$1.75,"114 Troutman St | Dryer 15
114 Troutman St,Brooklyn,NY11206"
10/26/2024 2:09PM PDT,10/26/2024 2:08PM PDT,Purchase,-$1.75,"114 Troutman St | Dryer 14
114 Troutman St,Brooklyn,NY11206"
10/26/2024 1:16PM PDT,10/26/2024 1:16PM PDT,Purchase,-$2.50,"114 Troutman St | Washer 03
114 Troutman St,Brooklyn,NY11206"
10/26/2024 1:16PM PDT,10/26/2024 1:16PM PDT,Purchase,-$2.50,"114 Troutman St | Washer 01
114 Troutman St,Brooklyn,NY11206"
10/04/2024 10:39AM PDT,10/04/2024 10:39AM PDT,Purchase,-$0.25,"114 Troutman St | Dryer 12
114 Troutman St,Brooklyn,NY11206"
10/04/2024 10:39AM PDT,10/04/2024 10:39AM PDT,Purchase,-$0.25,"114 Troutman St | Dryer 12
114 Troutman St,Brooklyn,NY11206"
10/04/2024 10:39AM PDT,10/04/2024 10:38AM PDT,Purchase,-$0.25,"114 Troutman St | Dryer 12
114 Troutman St,Brooklyn,NY11206"
10/04/2024 10:38AM PDT,10/04/2024 10:38AM PDT,Purchase,-$1.75,"114 Troutman St | Dryer 12
114 Troutman St,Brooklyn,NY11206"
10/04/2024 9:39AM PDT,10/04/2024 9:39AM PDT,Purchase,-$2.50,"114 Troutman St | Washer 03
114 Troutman St,Brooklyn,NY11206"
09/22/2024 4:16PM PDT,09/22/2024 4:16PM PDT,Purchase,-$0.25,"114 Troutman St | Dryer 13
114 Troutman St,Brooklyn,NY11206"
09/22/2024 4:15PM PDT,09/22/2024 4:15PM PDT,Purchase,-$0.25,"114 Troutman St | Dryer 13
114 Troutman St,Brooklyn,NY11206"
09/22/2024 4:15PM PDT,09/22/2024 4:15PM PDT,Purchase,-$0.25,"114 Troutman St | Dryer 12
114 Troutman St,Brooklyn,NY11206"
09/22/2024 4:15PM PDT,09/22/2024 4:15PM PDT,Purchase,-$0.25,"114 Troutman St | Dryer 12
114 Troutman St,Brooklyn,NY11206"
09/22/2024 4:15PM PDT,09/22/2024 4:14PM PDT,Purchase,-$0.25,"114 Troutman St | Dryer 12
114 Troutman St,Brooklyn,NY11206"
09/22/2024 4:14PM PDT,09/22/2024 4:14PM PDT,Purchase,-$0.25,"114 Troutman St | Dryer 13
114 Troutman St,Brooklyn,NY11206"
09/22/2024 4:14PM PDT,09/22/2024 4:13PM PDT,Purchase,-$1.75,"114 Troutman St | Dryer 13
114 Troutman St,Brooklyn,NY11206"
09/22/2024 4:13PM PDT,09/22/2024 4:13PM PDT,Purchase,-$1.75,"114 Troutman St | Dryer 12
114 Troutman St,Brooklyn,NY11206"
09/22/2024 3:12PM PDT,09/22/2024 3:12PM PDT,Purchase,-$2.50,"114 Troutman St | Washer 04
114 Troutman St,Brooklyn,NY11206"
09/22/2024 3:11PM PDT,09/22/2024 3:11PM PDT,Purchase,-$2.50,"114 Troutman St | Washer 02
114 Troutman St,Brooklyn,NY11206"
08/18/2024 1:32PM PDT,08/18/2024 1:32PM PDT,Purchase,-$0.25,"114 Troutman St | Dryer 14
114 Troutman St,Brooklyn,NY11206"
08/18/2024 1:32PM PDT,08/18/2024 1:32PM PDT,Purchase,-$0.25,"114 Troutman St | Dryer 14
114 Troutman St,Brooklyn,NY11206"
08/18/2024 1:32PM PDT,08/18/2024 1:32PM PDT,Purchase,-$0.25,"114 Troutman St | Dryer 14
114 Troutman St,Brooklyn,NY11206"
08/18/2024 1:32PM PDT,08/18/2024 1:32PM PDT,Purchase,-$0.25,"114 Troutman St | Dryer 14
114 Troutman St,Brooklyn,NY11206"
08/18/2024 1:31PM PDT,08/18/2024 1:31PM PDT,Purchase,-$1.75,"114 Troutman St | Dryer 14
114 Troutman St,Brooklyn,NY11206"
08/18/2024 1:31PM PDT,08/18/2024 1:31PM PDT,Added Funds,+$25.00,"
Added Funds using Visa-7993"
08/18/2024 12:47PM PDT,08/18/2024 12:47PM PDT,Purchase,-$2.50,"114 Troutman St | Washer 02
114 Troutman St,Brooklyn,NY11206"
08/13/2024 4:22PM PDT,08/13/2024 4:22PM PDT,Purchase,-$0.25,"114 Troutman St | Dryer 14
114 Troutman St,Brooklyn,NY11206"
08/13/2024 4:22PM PDT,08/13/2024 4:22PM PDT,Purchase,-$0.25,"114 Troutman St | Dryer 14
114 Troutman St,Brooklyn,NY11206"
08/13/2024 4:22PM PDT,08/13/2024 4:22PM PDT,Purchase,-$0.25,"114 Troutman St | Dryer 14
114 Troutman St,Brooklyn,NY11206"
08/13/2024 4:22PM PDT,08/13/2024 4:22PM PDT,Purchase,-$0.25,"114 Troutman St | Dryer 14
114 Troutman St,Brooklyn,NY11206"
08/13/2024 4:22PM PDT,08/13/2024 4:22PM PDT,Purchase,-$0.25,"114 Troutman St | Dryer 14
114 Troutman St,Brooklyn,NY11206"
08/13/2024 4:22PM PDT,08/13/2024 4:21PM PDT,Purchase,-$1.75,"114 Troutman St | Dryer 14
114 Troutman St,Brooklyn,NY11206"
08/13/2024 4:21PM PDT,08/13/2024 4:21PM PDT,Purchase,-$1.75,"114 Troutman St | Dryer 14
114 Troutman St,Brooklyn,NY11206"
08/13/2024 3:20PM PDT,08/13/2024 3:20PM PDT,Purchase,-$2.50,"114 Troutman St | Washer 02
114 Troutman St,Brooklyn,NY11206"
08/13/2024 3:20PM PDT,08/13/2024 3:20PM PDT,Purchase,-$2.50,"114 Troutman St | Washer 01
114 Troutman St,Brooklyn,NY11206"
08/11/2024 4:14PM PDT,08/11/2024 4:14PM PDT,Purchase,-$0.25,"114 Troutman St | Dryer 11
114 Troutman St,Brooklyn,NY11206"
08/11/2024 4:14PM PDT,08/11/2024 4:14PM PDT,Purchase,-$0.25,"114 Troutman St | Dryer 11
114 Troutman St,Brooklyn,NY11206"
08/11/2024 4:14PM PDT,08/11/2024 4:13PM PDT,Purchase,-$1.75,"114 Troutman St | Dryer 12
114 Troutman St,Brooklyn,NY11206"
08/11/2024 4:13PM PDT,08/11/2024 4:13PM PDT,Purchase,-$0.25,"114 Troutman St | Dryer 11
114 Troutman St,Brooklyn,NY11206"
08/11/2024 4:13PM PDT,08/11/2024 4:13PM PDT,Purchase,-$0.25,"114 Troutman St | Dryer 11
114 Troutman St,Brooklyn,NY11206"
08/11/2024 4:13PM PDT,08/11/2024 4:13PM PDT,Purchase,-$0.25,"114 Troutman St | Dryer 11
114 Troutman St,Brooklyn,NY11206"
08/11/2024 4:12PM PDT,08/11/2024 4:12PM PDT,Purchase,-$0.25,"114 Troutman St | Dryer 11
114 Troutman St,Brooklyn,NY11206"
08/11/2024 4:12PM PDT,08/11/2024 4:12PM PDT,Purchase,-$0.25,"114 Troutman St | Dryer 11
114 Troutman St,Brooklyn,NY11206"
08/11/2024 4:12PM PDT,08/11/2024 4:12PM PDT,Purchase,-$0.25,"114 Troutman St | Dryer 11
114 Troutman St,Brooklyn,NY11206"
08/11/2024 4:12PM PDT,08/11/2024 4:12PM PDT,Purchase,-$1.75,"114 Troutman St | Dryer 11
114 Troutman St,Brooklyn,NY11206"
08/11/2024 4:12PM PDT,08/11/2024 4:11PM PDT,Purchase,-$1.75,"114 Troutman St | Dryer 11
114 Troutman St,Brooklyn,NY11206"
08/11/2024 3:02PM PDT,08/11/2024 3:01PM PDT,Purchase,-$2.50,"114 Troutman St | Washer 01
114 Troutman St,Brooklyn,NY11206"
08/11/2024 3:00PM PDT,08/11/2024 3:00PM PDT,Purchase,-$2.50,"114 Troutman St | Washer 07
114 Troutman St,Brooklyn,NY11206"
08/11/2024 3:00PM PDT,08/11/2024 3:00PM PDT,Added Funds,+$25.00,"
Added Funds using Visa-7993"
08/11/2024 2:59PM PDT,08/11/2024 2:59PM PDT,Purchase,-$2.50,"114 Troutman St | Washer 09
114 Troutman St,Brooklyn,NY11206"
07/28/2024 4:53PM PDT,07/28/2024 4:53PM PDT,Purchase,-$0.25,"114 Troutman St | Dryer 13
114 Troutman St,Brooklyn,NY11206"
07/28/2024 4:53PM PDT,07/28/2024 4:53PM PDT,Purchase,-$0.25,"114 Troutman St | Dryer 13
114 Troutman St,Brooklyn,NY11206"
07/28/2024 4:53PM PDT,07/28/2024 4:53PM PDT,Purchase,-$0.25,"114 Troutman St | Dryer 15
114 Troutman St,Brooklyn,NY11206"
07/28/2024 4:53PM PDT,07/28/2024 4:52PM PDT,Purchase,-$0.25,"114 Troutman St | Dryer 15
114 Troutman St,Brooklyn,NY11206"
07/28/2024 4:52PM PDT,07/28/2024 4:52PM PDT,Purchase,-$1.75,"114 Troutman St | Dryer 15
114 Troutman St,Brooklyn,NY11206"
07/28/2024 4:52PM PDT,07/28/2024 4:52PM PDT,Purchase,-$1.75,"114 Troutman St | Dryer 13
114 Troutman St,Brooklyn,NY11206"
07/28/2024 4:08PM PDT,07/28/2024 4:08PM PDT,Purchase,-$2.50,"114 Troutman St | Washer 03
114 Troutman St,Brooklyn,NY11206"
07/28/2024 4:08PM PDT,07/28/2024 4:08PM PDT,Purchase,-$2.50,"114 Troutman St | Washer 02
114 Troutman St,Brooklyn,NY11206"
07/18/2024 8:05AM PDT,07/18/2024 8:04AM PDT,Purchase,-$0.25,"114 Troutman St | Dryer 14
114 Troutman St,Brooklyn,NY11206"
07/18/2024 8:04AM PDT,07/18/2024 8:04AM PDT,Purchase,-$0.25,"114 Troutman St | Dryer 14
114 Troutman St,Brooklyn,NY11206"
07/18/2024 8:04AM PDT,07/18/2024 8:04AM PDT,Purchase,-$1.75,"114 Troutman St | Dryer 14
114 Troutman St,Brooklyn,NY11206"
07/18/2024 6:59AM PDT,07/18/2024 6:59AM PDT,Purchase,-$2.50,"114 Troutman St | Washer 02
114 Troutman St,Brooklyn,NY11206"
07/11/2024 1:53PM PDT,07/11/2024 1:53PM PDT,Purchase,-$0.25,"114 Troutman St | Dryer 14
114 Troutman St,Brooklyn,NY11206"
07/11/2024 1:53PM PDT,07/11/2024 1:53PM PDT,Purchase,-$0.25,"114 Troutman St | Dryer 15
114 Troutman St,Brooklyn,NY11206"
07/11/2024 1:53PM PDT,07/11/2024 1:52PM PDT,Purchase,-$0.25,"114 Troutman St | Dryer 15
114 Troutman St,Brooklyn,NY11206"
07/11/2024 1:52PM PDT,07/11/2024 1:52PM PDT,Purchase,-$0.25,"114 Troutman St | Dryer 15
114 Troutman St,Brooklyn,NY11206"
07/11/2024 1:52PM PDT,07/11/2024 1:52PM PDT,Purchase,-$1.75,"114 Troutman St | Dryer 15
114 Troutman St,Brooklyn,NY11206"
07/11/2024 1:52PM PDT,07/11/2024 1:52PM PDT,Purchase,-$0.25,"114 Troutman St | Dryer 14
114 Troutman St,Brooklyn,NY11206"
07/11/2024 1:52PM PDT,07/11/2024 1:52PM PDT,Purchase,-$0.25,"114 Troutman St | Dryer 14
114 Troutman St,Brooklyn,NY11206"
07/11/2024 1:52PM PDT,07/11/2024 1:52PM PDT,Purchase,-$1.75,"114 Troutman St | Dryer 14
114 Troutman St,Brooklyn,NY11206"
07/11/2024 12:10PM PDT,07/11/2024 12:10PM PDT,Purchase,-$2.50,"114 Troutman St | Washer 03
114 Troutman St,Brooklyn,NY11206"
07/11/2024 12:10PM PDT,07/11/2024 12:10PM PDT,Added Funds,+$25.00,"
Added Funds using Visa-7993"
07/11/2024 12:10PM PDT,07/11/2024 12:10PM PDT,Purchase,-$2.50,"114 Troutman St | Washer 02
114 Troutman St,Brooklyn,NY11206"
07/05/2024 9:49AM PDT,07/05/2024 9:49AM PDT,Purchase,-$0.25,"114 Troutman St | Dryer 15
114 Troutman St,Brooklyn,NY11206"
07/05/2024 9:49AM PDT,07/05/2024 9:49AM PDT,Purchase,-$0.25,"114 Troutman St | Dryer 15
114 Troutman St,Brooklyn,NY11206"
07/05/2024 9:49AM PDT,07/05/2024 9:49AM PDT,Purchase,-$0.25,"114 Troutman St | Dryer 15
114 Troutman St,Brooklyn,NY11206"
07/05/2024 9:49AM PDT,07/05/2024 9:48AM PDT,Purchase,-$1.75,"114 Troutman St | Dryer 15
114 Troutman St,Brooklyn,NY11206"
07/05/2024 9:06AM PDT,07/05/2024 9:05AM PDT,Purchase,-$2.50,"114 Troutman St | Washer 06
114 Troutman St,Brooklyn,NY11206"
06/23/2024 12:12PM PDT,06/23/2024 12:12PM PDT,Purchase,-$0.25,"114 Troutman St | Dryer 15
114 Troutman St,Brooklyn,NY11206"
06/23/2024 12:12PM PDT,06/23/2024 12:12PM PDT,Purchase,-$0.25,"114 Troutman St | Dryer 12
114 Troutman St,Brooklyn,NY11206"
06/23/2024 12:12PM PDT,06/23/2024 12:12PM PDT,Purchase,-$0.25,"114 Troutman St | Dryer 13
114 Troutman St,Brooklyn,NY11206"
06/23/2024 12:11PM PDT,06/23/2024 12:11PM PDT,Purchase,-$0.25,"114 Troutman St | Dryer 13
114 Troutman St,Brooklyn,NY11206"
06/23/2024 12:11PM PDT,06/23/2024 12:11PM PDT,Purchase,-$0.25,"114 Troutman St | Dryer 13
114 Troutman St,Brooklyn,NY11206"
06/23/2024 12:11PM PDT,06/23/2024 12:11PM PDT,Purchase,-$1.75,"114 Troutman St | Dryer 13
114 Troutman St,Brooklyn,NY11206"
06/23/2024 12:11PM PDT,06/23/2024 12:11PM PDT,Purchase,-$0.25,"114 Troutman St | Dryer 12
114 Troutman St,Brooklyn,NY11206"
06/23/2024 12:11PM PDT,06/23/2024 12:11PM PDT,Purchase,-$0.25,"114 Troutman St | Dryer 12
114 Troutman St,Brooklyn,NY11206"
06/23/2024 12:10PM PDT,06/23/2024 12:10PM PDT,Purchase,-$1.75,"114 Troutman St | Dryer 12
114 Troutman St,Brooklyn,NY11206"
06/23/2024 12:10PM PDT,06/23/2024 12:10PM PDT,Purchase,-$0.25,"114 Troutman St | Dryer 15
114 Troutman St,Brooklyn,NY11206"
06/23/2024 12:10PM PDT,06/23/2024 12:10PM PDT,Purchase,-$0.25,"114 Troutman St | Dryer 15
114 Troutman St,Brooklyn,NY11206"
06/23/2024 12:10PM PDT,06/23/2024 12:10PM PDT,Purchase,-$1.75,"114 Troutman St | Dryer 15
114 Troutman St,Brooklyn,NY11206"
06/23/2024 11:11AM PDT,06/23/2024 11:11AM PDT,Purchase,-$2.50,"114 Troutman St | Washer 02
114 Troutman St,Brooklyn,NY11206"
06/23/2024 11:11AM PDT,06/23/2024 11:10AM PDT,Purchase,-$2.50,"114 Troutman St | Washer 01
114 Troutman St,Brooklyn,NY11206"
06/23/2024 11:10AM PDT,06/23/2024 11:10AM PDT,Purchase,-$2.50,"114 Troutman St | Washer 06
114 Troutman St,Brooklyn,NY11206"
06/02/2024 11:09AM PDT,06/02/2024 11:09AM PDT,Purchase,-$0.25,"114 Troutman St | Dryer 15
114 Troutman St,Brooklyn,NY11206"
06/02/2024 11:08AM PDT,06/02/2024 11:08AM PDT,Purchase,-$0.25,"114 Troutman St | Dryer 15
114 Troutman St,Brooklyn,NY11206"
06/02/2024 11:08AM PDT,06/02/2024 11:08AM PDT,Purchase,-$1.75,"114 Troutman St | Dryer 15
114 Troutman St,Brooklyn,NY11206"
06/02/2024 11:08AM PDT,06/02/2024 11:08AM PDT,Purchase,-$0.25,"114 Troutman St | Dryer 14
114 Troutman St,Brooklyn,NY11206"
06/02/2024 11:07AM PDT,06/02/2024 11:07AM PDT,Purchase,-$0.25,"114 Troutman St | Dryer 14
114 Troutman St,Brooklyn,NY11206"
06/02/2024 11:07AM PDT,06/02/2024 11:06AM PDT,Purchase,-$0.25,"114 Troutman St | Dryer 14
114 Troutman St,Brooklyn,NY11206"
06/02/2024 11:06AM PDT,06/02/2024 11:06AM PDT,Added Funds,+$25.00,"
Added Funds using Visa-7993"
06/02/2024 11:06AM PDT,06/02/2024 11:06AM PDT,Purchase,-$1.75,"114 Troutman St | Dryer 14
114 Troutman St,Brooklyn,NY11206"
06/02/2024 10:06AM PDT,06/02/2024 10:06AM PDT,Purchase,-$2.50,"114 Troutman St | Washer 02
114 Troutman St,Brooklyn,NY11206"
06/02/2024 10:05AM PDT,06/02/2024 10:05AM PDT,Purchase,-$2.50,"114 Troutman St | Washer 03
114 Troutman St,Brooklyn,NY11206"
05/27/2024 5:32PM PDT,05/27/2024 5:32PM PDT,Purchase,-$0.25,"114 Troutman St | Dryer 14
114 Troutman St,Brooklyn,NY11206"
05/27/2024 5:31PM PDT,05/27/2024 5:31PM PDT,Purchase,-$0.25,"114 Troutman St | Dryer 14
114 Troutman St,Brooklyn,NY11206"
05/27/2024 5:31PM PDT,05/27/2024 5:31PM PDT,Purchase,-$0.25,"114 Troutman St | Dryer 14
114 Troutman St,Brooklyn,NY11206"
05/27/2024 5:31PM PDT,05/27/2024 5:31PM PDT,Purchase,-$0.25,"114 Troutman St | Dryer 14
114 Troutman St,Brooklyn,NY11206"
05/27/2024 5:31PM PDT,05/27/2024 5:31PM PDT,Purchase,-$1.75,"114 Troutman St | Dryer 14
114 Troutman St,Brooklyn,NY11206"
05/27/2024 5:31PM PDT,05/27/2024 5:31PM PDT,Purchase,-$1.75,"114 Troutman St | Dryer 14
114 Troutman St,Brooklyn,NY11206"
05/27/2024 4:41PM PDT,05/27/2024 4:41PM PDT,Purchase,-$2.50,"114 Troutman St | Washer 05
114 Troutman St,Brooklyn,NY11206"
05/27/2024 4:39PM PDT,05/27/2024 4:39PM PDT,Purchase,-$2.50,"114 Troutman St | Washer 02
114 Troutman St,Brooklyn,NY11206"
05/12/2024 12:25PM PDT,05/12/2024 12:25PM PDT,Purchase,-$0.25,"114 Troutman St | Dryer 13
114 Troutman St,Brooklyn,NY11206"
05/12/2024 12:25PM PDT,05/12/2024 12:25PM PDT,Purchase,-$0.25,"114 Troutman St | Dryer 13
114 Troutman St,Brooklyn,NY11206"
05/12/2024 12:25PM PDT,05/12/2024 12:25PM PDT,Purchase,-$0.25,"114 Troutman St | Dryer 13
114 Troutman St,Brooklyn,NY11206"
05/12/2024 12:25PM PDT,05/12/2024 12:25PM PDT,Purchase,-$1.75,"114 Troutman St | Dryer 13
114 Troutman St,Brooklyn,NY11206"
05/12/2024 12:20PM PDT,05/12/2024 12:20PM PDT,Purchase,-$0.25,"114 Troutman St | Dryer 12
114 Troutman St,Brooklyn,NY11206"
05/12/2024 12:20PM PDT,05/12/2024 12:20PM PDT,Purchase,-$0.25,"114 Troutman St | Dryer 12
114 Troutman St,Brooklyn,NY11206"
05/12/2024 12:20PM PDT,05/12/2024 12:20PM PDT,Purchase,-$0.25,"114 Troutman St | Dryer 12
114 Troutman St,Brooklyn,NY11206"
05/12/2024 12:20PM PDT,05/12/2024 12:20PM PDT,Purchase,-$0.25,"114 Troutman St | Dryer 11
114 Troutman St,Brooklyn,NY11206"
05/12/2024 12:19PM PDT,05/12/2024 12:19PM PDT,Purchase,-$0.25,"114 Troutman St | Dryer 11
114 Troutman St,Brooklyn,NY11206"
05/12/2024 12:19PM PDT,05/12/2024 12:19PM PDT,Purchase,-$0.25,"114 Troutman St | Dryer 11
114 Troutman St,Brooklyn,NY11206"
05/12/2024 12:18PM PDT,05/12/2024 12:18PM PDT,Purchase,-$1.75,"114 Troutman St | Dryer 12
114 Troutman St,Brooklyn,NY11206"
05/12/2024 12:18PM PDT,05/12/2024 12:18PM PDT,Purchase,-$1.75,"114 Troutman St | Dryer 11
114 Troutman St,Brooklyn,NY11206"
05/12/2024 11:23AM PDT,05/12/2024 11:23AM PDT,Purchase,-$2.50,"114 Troutman St | Washer 08
114 Troutman St,Brooklyn,NY11206"
05/12/2024 11:23AM PDT,05/12/2024 11:23AM PDT,Added Funds,+$25.00,"
Added Funds using Visa-7993"
05/12/2024 11:22AM PDT,05/12/2024 11:21AM PDT,Purchase,-$2.50,"114 Troutman St | Washer 03
114 Troutman St,Brooklyn,NY11206"
04/29/2024 6:26PM PDT,04/29/2024 6:26PM PDT,Purchase,-$0.25,"114 Troutman St | Dryer 15
114 Troutman St,Brooklyn,NY11206"
04/29/2024 6:26PM PDT,04/29/2024 6:26PM PDT,Purchase,-$0.25,"114 Troutman St | Dryer 15
114 Troutman St,Brooklyn,NY11206"
04/29/2024 6:26PM PDT,04/29/2024 6:26PM PDT,Purchase,-$0.25,"114 Troutman St | Dryer 15
114 Troutman St,Brooklyn,NY11206"
04/29/2024 6:09PM PDT,04/29/2024 6:08PM PDT,Purchase,-$0.25,"114 Troutman St | Dryer 15
114 Troutman St,Brooklyn,NY11206"
04/29/2024 6:08PM PDT,04/29/2024 6:08PM PDT,Purchase,-$0.25,"114 Troutman St | Dryer 15
114 Troutman St,Brooklyn,NY11206"
04/29/2024 6:08PM PDT,04/29/2024 6:08PM PDT,Purchase,-$0.25,"114 Troutman St | Dryer 15
114 Troutman St,Brooklyn,NY11206"
04/29/2024 6:08PM PDT,04/29/2024 6:08PM PDT,Purchase,-$0.25,"114 Troutman St | Dryer 14
114 Troutman St,Brooklyn,NY11206"
04/29/2024 5:06PM PDT,04/29/2024 5:06PM PDT,Purchase,-$0.25,"114 Troutman St | Dryer 15
114 Troutman St,Brooklyn,NY11206"
04/29/2024 5:06PM PDT,04/29/2024 5:06PM PDT,Purchase,-$0.25,"114 Troutman St | Dryer 15
114 Troutman St,Brooklyn,NY11206"
04/29/2024 5:06PM PDT,04/29/2024 5:06PM PDT,Purchase,-$0.25,"114 Troutman St | Dryer 15
114 Troutman St,Brooklyn,NY11206"
04/29/2024 5:06PM PDT,04/29/2024 5:06PM PDT,Purchase,-$1.75,"114 Troutman St | Dryer 15
114 Troutman St,Brooklyn,NY11206"
04/29/2024 4:28PM PDT,04/29/2024 4:28PM PDT,Purchase,-$2.50,"114 Troutman St | Washer 02
114 Troutman St,Brooklyn,NY11206"
04/29/2024 4:28PM PDT,04/29/2024 4:28PM PDT,Purchase,-$2.50,"114 Troutman St | Washer 01
114 Troutman St,Brooklyn,NY11206"
04/14/2024 1:55PM PDT,04/14/2024 1:55PM PDT,Purchase,-$0.25,"114 Troutman St | Dryer 13
114 Troutman St,Brooklyn,NY11206"
04/14/2024 1:55PM PDT,04/14/2024 1:55PM PDT,Purchase,-$0.25,"114 Troutman St | Dryer 13
114 Troutman St,Brooklyn,NY11206"
04/14/2024 1:54PM PDT,04/14/2024 1:54PM PDT,Purchase,-$0.25,"114 Troutman St | Dryer 13
114 Troutman St,Brooklyn,NY11206"
04/14/2024 1:54PM PDT,04/14/2024 1:54PM PDT,Purchase,-$1.75,"114 Troutman St | Dryer 13
114 Troutman St,Brooklyn,NY11206"
04/14/2024 1:54PM PDT,04/14/2024 1:54PM PDT,Purchase,-$0.25,"114 Troutman St | Dryer 12
114 Troutman St,Brooklyn,NY11206"
04/14/2024 1:54PM PDT,04/14/2024 1:54PM PDT,Purchase,-$0.25,"114 Troutman St | Dryer 12
114 Troutman St,Brooklyn,NY11206"
04/14/2024 1:54PM PDT,04/14/2024 1:53PM PDT,Purchase,-$0.25,"114 Troutman St | Dryer 12
114 Troutman St,Brooklyn,NY11206"
04/14/2024 1:53PM PDT,04/14/2024 1:53PM PDT,Purchase,-$1.75,"114 Troutman St | Dryer 12
114 Troutman St,Brooklyn,NY11206"
04/14/2024 1:10PM PDT,04/14/2024 1:10PM PDT,Purchase,-$2.50,"114 Troutman St | Washer 01
114 Troutman St,Brooklyn,NY11206"
04/14/2024 1:08PM PDT,04/14/2024 1:08PM PDT,Purchase,-$2.50,"114 Troutman St | Washer 10
114 Troutman St,Brooklyn,NY11206"
04/14/2024 1:06PM PDT,04/14/2024 1:06PM PDT,Purchase,-$2.50,"114 Troutman St | Washer 06
114 Troutman St,Brooklyn,NY11206"
04/14/2024 1:06PM PDT,04/14/2024 1:06PM PDT,Added Funds,+$25.00,"
Added Funds using Visa-7993"
03/20/2024 3:00PM PDT,03/20/2024 3:00PM PDT,Purchase,-$0.25,"114 Troutman St | Dryer 13
114 Troutman St,Brooklyn,NY11206"
03/20/2024 3:00PM PDT,03/20/2024 3:00PM PDT,Purchase,-$0.25,"114 Troutman St | Dryer 13
114 Troutman St,Brooklyn,NY11206"
03/20/2024 3:00PM PDT,03/20/2024 3:00PM PDT,Purchase,-$1.75,"114 Troutman St | Dryer 13
114 Troutman St,Brooklyn,NY11206"
03/20/2024 2:15PM PDT,03/20/2024 2:15PM PDT,Purchase,-$2.50,"114 Troutman St | Washer 03
114 Troutman St,Brooklyn,NY11206"
03/10/2024 1:35PM PDT,03/10/2024 1:35PM PDT,Purchase,-$0.25,"114 Troutman St | Dryer 12
114 Troutman St,Brooklyn,NY11206"
03/10/2024 1:35PM PDT,03/10/2024 1:35PM PDT,Purchase,-$1.75,"114 Troutman St | Dryer 12
114 Troutman St,Brooklyn,NY11206"
03/10/2024 1:33PM PDT,03/10/2024 1:33PM PDT,Purchase,-$0.25,"114 Troutman St | Dryer 15
114 Troutman St,Brooklyn,NY11206"
03/10/2024 1:33PM PDT,03/10/2024 1:33PM PDT,Purchase,-$0.25,"114 Troutman St | Dryer 15
114 Troutman St,Brooklyn,NY11206"
03/10/2024 1:33PM PDT,03/10/2024 1:33PM PDT,Purchase,-$1.75,"114 Troutman St | Dryer 15
114 Troutman St,Brooklyn,NY11206"
03/10/2024 1:33PM PDT,03/10/2024 1:33PM PDT,Added Funds,+$10.00,"
Added Funds using Visa-7993"
03/10/2024 1:32PM PDT,03/10/2024 1:32PM PDT,Purchase,-$0.25,"114 Troutman St | Dryer 11
114 Troutman St,Brooklyn,NY11206"
03/10/2024 1:32PM PDT,03/10/2024 1:32PM PDT,Purchase,-$0.25,"114 Troutman St | Dryer 11
114 Troutman St,Brooklyn,NY11206"
03/10/2024 1:32PM PDT,03/10/2024 1:32PM PDT,Purchase,-$1.75,"114 Troutman St | Dryer 11
114 Troutman St,Brooklyn,NY11206"
03/10/2024 12:33PM PDT,03/10/2024 12:33PM PDT,Purchase,-$2.50,"114 Troutman St | Washer 01
114 Troutman St,Brooklyn,NY11206"
03/10/2024 12:33PM PDT,03/10/2024 12:33PM PDT,Purchase,-$2.50,"114 Troutman St | Washer 03
114 Troutman St,Brooklyn,NY11206"
03/10/2024 12:32PM PDT,03/10/2024 12:32PM PDT,Purchase,-$2.50,"114 Troutman St | Washer 04
114 Troutman St,Brooklyn,NY11206"
02/22/2024 2:47PM PST,02/22/2024 2:47PM PST,Purchase,-$0.25,"114 Troutman St | Dryer 14
114 Troutman St,Brooklyn,NY11206"
02/22/2024 2:47PM PST,02/22/2024 2:47PM PST,Purchase,-$0.25,"114 Troutman St | Dryer 14
114 Troutman St,Brooklyn,NY11206"
02/22/2024 2:46PM PST,02/22/2024 2:46PM PST,Purchase,-$0.25,"114 Troutman St | Dryer 14
114 Troutman St,Brooklyn,NY11206"
02/22/2024 2:46PM PST,02/22/2024 2:46PM PST,Added Funds,+$10.00,"
Added Funds using Visa-7993"
02/22/2024 2:46PM PST,02/22/2024 2:46PM PST,Purchase,-$1.75,"114 Troutman St | Dryer 14
114 Troutman St,Brooklyn,NY11206"
02/22/2024 2:02PM PST,02/22/2024 2:02PM PST,Purchase,-$2.50,"114 Troutman St | Washer 05
114 Troutman St,Brooklyn,NY11206"
02/22/2024 2:02PM PST,02/22/2024 2:01PM PST,Purchase,-$2.50,"114 Troutman St | Washer 04
114 Troutman St,Brooklyn,NY11206"
02/11/2024 1:15PM PST,02/11/2024 1:15PM PST,Purchase,-$0.25,"114 Troutman St | Dryer 14
114 Troutman St,Brooklyn,NY11206"
02/11/2024 1:15PM PST,02/11/2024 1:15PM PST,Purchase,-$0.25,"114 Troutman St | Dryer 14
114 Troutman St,Brooklyn,NY11206"
02/11/2024 1:15PM PST,02/11/2024 1:15PM PST,Purchase,-$0.25,"114 Troutman St | Dryer 14
114 Troutman St,Brooklyn,NY11206"
02/11/2024 1:14PM PST,02/11/2024 1:14PM PST,Purchase,-$0.25,"114 Troutman St | Dryer 14
114 Troutman St,Brooklyn,NY11206"
02/11/2024 1:14PM PST,02/11/2024 1:14PM PST,Purchase,-$0.25,"114 Troutman St | Dryer 14
114 Troutman St,Brooklyn,NY11206"
02/11/2024 1:14PM PST,02/11/2024 1:14PM PST,Purchase,-$0.25,"114 Troutman St | Dryer 14
114 Troutman St,Brooklyn,NY11206"
02/11/2024 1:14PM PST,02/11/2024 1:14PM PST,Purchase,-$1.75,"114 Troutman St | Dryer 14
114 Troutman St,Brooklyn,NY11206"
02/11/2024 1:14PM PST,02/11/2024 1:13PM PST,Purchase,-$1.75,"114 Troutman St | Dryer 14
114 Troutman St,Brooklyn,NY11206"
02/11/2024 12:26PM PST,02/11/2024 12:26PM PST,Purchase,-$2.50,"114 Troutman St | Washer 05
114 Troutman St,Brooklyn,NY11206"
02/11/2024 12:26PM PST,02/11/2024 12:25PM PST,Purchase,-$2.50,"114 Troutman St | Washer 04
114 Troutman St,Brooklyn,NY11206"
01/14/2024 5:09PM PST,01/14/2024 5:09PM PST,Purchase,-$0.25,"114 Troutman St | Dryer 13
114 Troutman St,Brooklyn,NY11206"
01/14/2024 5:09PM PST,01/14/2024 5:09PM PST,Purchase,-$0.25,"114 Troutman St | Dryer 13
114 Troutman St,Brooklyn,NY11206"
01/14/2024 5:08PM PST,01/14/2024 5:08PM PST,Purchase,-$0.25,"114 Troutman St | Dryer 13
114 Troutman St,Brooklyn,NY11206"
01/14/2024 5:08PM PST,01/14/2024 5:08PM PST,Purchase,-$0.25,"114 Troutman St | Dryer 13
114 Troutman St,Brooklyn,NY11206"
01/14/2024 5:08PM PST,01/14/2024 5:08PM PST,Purchase,-$1.75,"114 Troutman St | Dryer 13
114 Troutman St,Brooklyn,NY11206"
01/14/2024 4:19PM PST,01/14/2024 4:19PM PST,Purchase,-$2.50,"114 Troutman St | Washer 03
114 Troutman St,Brooklyn,NY11206"
01/02/2024 4:18PM PST,01/02/2024 4:18PM PST,Purchase,-$0.25,"114 Troutman St | Dryer 15
114 Troutman St,Brooklyn,NY11206"
01/02/2024 4:18PM PST,01/02/2024 4:18PM PST,Purchase,-$1.75,"114 Troutman St | Dryer 15
114 Troutman St,Brooklyn,NY11206"
01/02/2024 4:18PM PST,01/02/2024 4:18PM PST,Added Funds,+$25.00,"
Added Funds using MasterCard-8636"
01/02/2024 4:18PM PST,01/02/2024 4:18PM PST,Purchase,-$1.75,"114 Troutman St | Dryer 15
114 Troutman St,Brooklyn,NY11206"
01/02/2024 3:38PM PST,01/02/2024 3:38PM PST,Purchase,-$2.50,"114 Troutman St | Washer 03
114 Troutman St,Brooklyn,NY11206"
12/09/2023 11:53AM PST,12/09/2023 11:53AM PST,Purchase,-$0.25,"114 Troutman St | Dryer 15
114 Troutman St,Brooklyn,NY11206"
12/09/2023 11:53AM PST,12/09/2023 11:52AM PST,Purchase,-$0.25,"114 Troutman St | Dryer 14
114 Troutman St,Brooklyn,NY11206"
12/09/2023 11:52AM PST,12/09/2023 11:52AM PST,Purchase,-$0.25,"114 Troutman St | Dryer 14
114 Troutman St,Brooklyn,NY11206"
12/09/2023 11:53AM PST,12/09/2023 11:52AM PST,Purchase,-$0.25,"114 Troutman St | Dryer 13
114 Troutman St,Brooklyn,NY11206"
12/09/2023 11:52AM PST,12/09/2023 11:52AM PST,Purchase,-$0.25,"114 Troutman St | Dryer 13
114 Troutman St,Brooklyn,NY11206"
12/09/2023 11:52AM PST,12/09/2023 11:52AM PST,Purchase,-$0.25,"114 Troutman St | Dryer 13
114 Troutman St,Brooklyn,NY11206"
12/09/2023 11:52AM PST,12/09/2023 11:52AM PST,Purchase,-$0.25,"114 Troutman St | Dryer 15
114 Troutman St,Brooklyn,NY11206"
12/09/2023 11:52AM PST,12/09/2023 11:52AM PST,Purchase,-$0.25,"114 Troutman St | Dryer 15
114 Troutman St,Brooklyn,NY11206"
12/09/2023 11:51AM PST,12/09/2023 11:51AM PST,Purchase,-$0.25,"114 Troutman St | Dryer 14
114 Troutman St,Brooklyn,NY11206"
12/09/2023 11:51AM PST,12/09/2023 11:51AM PST,Purchase,-$0.25,"114 Troutman St | Dryer 14
114 Troutman St,Brooklyn,NY11206"
12/09/2023 11:51AM PST,12/09/2023 11:51AM PST,Purchase,-$1.75,"114 Troutman St | Dryer 14
114 Troutman St,Brooklyn,NY11206"
12/09/2023 11:50AM PST,12/09/2023 11:50AM PST,Purchase,-$1.75,"114 Troutman St | Dryer 15
114 Troutman St,Brooklyn,NY11206"
12/09/2023 11:49AM PST,12/09/2023 11:49AM PST,Purchase,-$1.75,"114 Troutman St | Dryer 14
114 Troutman St,Brooklyn,NY11206"
12/09/2023 11:49AM PST,12/09/2023 11:49AM PST,Purchase,-$1.75,"114 Troutman St | Dryer 13
114 Troutman St,Brooklyn,NY11206"
12/09/2023 10:59AM PST,12/09/2023 10:59AM PST,Purchase,-$2.50,"114 Troutman St | Washer 03
114 Troutman St,Brooklyn,NY11206"
12/09/2023 10:59AM PST,12/09/2023 10:59AM PST,Purchase,-$2.50,"114 Troutman St | Washer 02
114 Troutman St,Brooklyn,NY11206"
12/09/2023 10:59AM PST,12/09/2023 10:58AM PST,Purchase,-$2.50,"114 Troutman St | Washer 01
114 Troutman St,Brooklyn,NY11206"
10/17/2023 9:36AM PDT,10/17/2023 9:36AM PDT,Purchase,-$0.25,"114 Troutman St | Dryer 12
114 Troutman St,Brooklyn,NY11206"
10/17/2023 9:36AM PDT,10/17/2023 9:36AM PDT,Purchase,-$0.25,"114 Troutman St | Dryer 12
114 Troutman St,Brooklyn,NY11206"
10/17/2023 9:36AM PDT,10/17/2023 9:36AM PDT,Purchase,-$0.25,"114 Troutman St | Dryer 12
114 Troutman St,Brooklyn,NY11206"
10/17/2023 9:35AM PDT,10/17/2023 9:35AM PDT,Purchase,-$1.75,"114 Troutman St | Dryer 12
114 Troutman St,Brooklyn,NY11206"
10/17/2023 9:35AM PDT,10/17/2023 9:35AM PDT,Purchase,-$0.25,"114 Troutman St | Dryer 11
114 Troutman St,Brooklyn,NY11206"
10/17/2023 9:35AM PDT,10/17/2023 9:35AM PDT,Purchase,-$0.25,"114 Troutman St | Dryer 11
114 Troutman St,Brooklyn,NY11206"
10/17/2023 9:35AM PDT,10/17/2023 9:35AM PDT,Purchase,-$0.25,"114 Troutman St | Dryer 11
114 Troutman St,Brooklyn,NY11206"
10/17/2023 9:34AM PDT,10/17/2023 9:34AM PDT,Purchase,-$1.75,"114 Troutman St | Dryer 11
114 Troutman St,Brooklyn,NY11206"
10/17/2023 9:34AM PDT,10/17/2023 9:34AM PDT,Added Funds,+$25.00,"
Added Funds using Visa-7993"
10/17/2023 8:42AM PDT,10/17/2023 8:42AM PDT,Purchase,-$2.50,"114 Troutman St | Washer 10
114 Troutman St,Brooklyn,NY11206"
10/17/2023 8:41AM PDT,10/17/2023 8:41AM PDT,Purchase,-$2.50,"114 Troutman St | Washer 09
114 Troutman St,Brooklyn,NY11206"
09/12/2023 2:46PM PDT,09/12/2023 2:46PM PDT,Purchase,-$0.25,"114 Troutman St | Dryer 12
114 Troutman St,Brooklyn,NY11206"
09/12/2023 2:46PM PDT,09/12/2023 2:46PM PDT,Purchase,-$0.25,"114 Troutman St | Dryer 12
114 Troutman St,Brooklyn,NY11206"
09/12/2023 2:46PM PDT,09/12/2023 2:46PM PDT,Purchase,-$1.75,"114 Troutman St | Dryer 12
114 Troutman St,Brooklyn,NY11206"
09/12/2023 1:44PM PDT,09/12/2023 1:44PM PDT,Purchase,-$2.50,"114 Troutman St | Washer 05
114 Troutman St,Brooklyn,NY11206"
08/15/2023 10:05AM PDT,08/15/2023 10:05AM PDT,Purchase,-$0.25,"114 Troutman St | Dryer 11
114 Troutman St,Brooklyn,NY11206"
08/15/2023 10:05AM PDT,08/15/2023 10:05AM PDT,Purchase,-$0.25,"114 Troutman St | Dryer 11
114 Troutman St,Brooklyn,NY11206"
08/15/2023 10:05AM PDT,08/15/2023 10:04AM PDT,Purchase,-$1.75,"114 Troutman St | Dryer 11
114 Troutman St,Brooklyn,NY11206"
08/15/2023 10:04AM PDT,08/15/2023 10:04AM PDT,Purchase,-$1.75,"114 Troutman St | Dryer 11
114 Troutman St,Brooklyn,NY11206"
08/15/2023 9:23AM PDT,08/15/2023 9:23AM PDT,Purchase,-$2.50,"114 Troutman St | Washer 09
114 Troutman St,Brooklyn,NY11206"
08/15/2023 9:22AM PDT,08/15/2023 9:22AM PDT,Purchase,-$2.50,"114 Troutman St | Washer 10
114 Troutman St,Brooklyn,NY11206"
08/09/2023 9:44AM PDT,08/09/2023 9:44AM PDT,Purchase,-$0.25,"114 Troutman St | Dryer 13
114 Troutman St,Brooklyn,NY11206"
08/09/2023 9:44AM PDT,08/09/2023 9:44AM PDT,Purchase,-$0.25,"114 Troutman St | Dryer 13
114 Troutman St,Brooklyn,NY11206"
08/09/2023 9:44AM PDT,08/09/2023 9:43AM PDT,Purchase,-$0.25,"114 Troutman St | Dryer 13
114 Troutman St,Brooklyn,NY11206"
08/09/2023 9:43AM PDT,08/09/2023 9:43AM PDT,Purchase,-$1.75,"114 Troutman St | Dryer 13
114 Troutman St,Brooklyn,NY11206"
08/09/2023 9:04AM PDT,08/09/2023 9:03AM PDT,Purchase,-$2.50,"114 Troutman St | Washer 07
114 Troutman St,Brooklyn,NY11206"
08/09/2023 9:03AM PDT,08/09/2023 9:03AM PDT,Added Funds,+$25.00,"
Added Funds using MasterCard-8636"
07/30/2023 5:37PM PDT,07/30/2023 5:37PM PDT,Purchase,-$0.25,"114 Troutman St | Dryer 12
114 Troutman St,Brooklyn,NY11206"
07/30/2023 5:37PM PDT,07/30/2023 5:37PM PDT,Purchase,-$0.25,"114 Troutman St | Dryer 12
114 Troutman St,Brooklyn,NY11206"
07/30/2023 5:37PM PDT,07/30/2023 5:37PM PDT,Purchase,-$0.25,"114 Troutman St | Dryer 12
114 Troutman St,Brooklyn,NY11206"
07/30/2023 5:36PM PDT,07/30/2023 5:36PM PDT,Purchase,-$1.75,"114 Troutman St | Dryer 12
114 Troutman St,Brooklyn,NY11206"
07/30/2023 4:45PM PDT,07/30/2023 4:45PM PDT,Purchase,-$2.50,"114 Troutman St | Washer 08
114 Troutman St,Brooklyn,NY11206"
07/18/2023 12:55PM PDT,07/18/2023 12:55PM PDT,Purchase,-$0.25,"114 Troutman St | Dryer 12
114 Troutman St,Brooklyn,NY11206"
07/18/2023 12:55PM PDT,07/18/2023 12:55PM PDT,Purchase,-$0.25,"114 Troutman St | Dryer 12
114 Troutman St,Brooklyn,NY11206"
07/18/2023 12:55PM PDT,07/18/2023 12:55PM PDT,Purchase,-$0.25,"114 Troutman St | Dryer 12
114 Troutman St,Brooklyn,NY11206"
07/18/2023 12:55PM PDT,07/18/2023 12:55PM PDT,Purchase,-$0.25,"114 Troutman St | Dryer 12
114 Troutman St,Brooklyn,NY11206"
07/18/2023 12:55PM PDT,07/18/2023 12:54PM PDT,Purchase,-$0.25,"114 Troutman St | Dryer 11
114 Troutman St,Brooklyn,NY11206"
07/18/2023 12:54PM PDT,07/18/2023 12:54PM PDT,Purchase,-$1.75,"114 Troutman St | Dryer 12
114 Troutman St,Brooklyn,NY11206"
07/18/2023 12:54PM PDT,07/18/2023 12:54PM PDT,Purchase,-$1.75,"114 Troutman St | Dryer 12
114 Troutman St,Brooklyn,NY11206"
07/18/2023 12:54PM PDT,07/18/2023 12:54PM PDT,Purchase,-$0.25,"114 Troutman St | Dryer 11
114 Troutman St,Brooklyn,NY11206"
07/18/2023 12:54PM PDT,07/18/2023 12:54PM PDT,Added Funds,+$10.00,"
Added Funds using MasterCard-8636"
07/18/2023 12:53PM PDT,07/18/2023 12:53PM PDT,Purchase,-$1.75,"114 Troutman St | Dryer 11
114 Troutman St,Brooklyn,NY11206"
07/18/2023 11:24AM PDT,07/18/2023 11:24AM PDT,Purchase,-$2.50,"114 Troutman St | Washer 05
114 Troutman St,Brooklyn,NY11206"
07/18/2023 11:22AM PDT,07/18/2023 11:22AM PDT,Purchase,-$2.50,"114 Troutman St | Washer 02
114 Troutman St,Brooklyn,NY11206"
07/18/2023 11:22AM PDT,07/18/2023 11:22AM PDT,Purchase,-$2.50,"114 Troutman St | Washer 01
114 Troutman St,Brooklyn,NY11206"
07/03/2023 1:16PM PDT,07/03/2023 1:16PM PDT,Purchase,-$1.75,"114 Troutman St | Dryer 12
114 Troutman St,Brooklyn,NY11206"
07/03/2023 11:16AM PDT,07/03/2023 11:16AM PDT,Purchase,-$0.25,"114 Troutman St | Dryer 14
114 Troutman St,Brooklyn,NY11206"
07/03/2023 11:16AM PDT,07/03/2023 11:15AM PDT,Purchase,-$0.25,"114 Troutman St | Dryer 11
114 Troutman St,Brooklyn,NY11206"
07/03/2023 11:15AM PDT,07/03/2023 11:15AM PDT,Purchase,-$0.25,"114 Troutman St | Dryer 11
114 Troutman St,Brooklyn,NY11206"
07/03/2023 11:15AM PDT,07/03/2023 11:15AM PDT,Purchase,-$0.25,"114 Troutman St | Dryer 11
114 Troutman St,Brooklyn,NY11206"
07/03/2023 11:14AM PDT,07/03/2023 11:14AM PDT,Purchase,-$0.25,"114 Troutman St | Dryer 14
114 Troutman St,Brooklyn,NY11206"
07/03/2023 11:14AM PDT,07/03/2023 11:14AM PDT,Purchase,-$0.25,"114 Troutman St | Dryer 14
114 Troutman St,Brooklyn,NY11206"
07/03/2023 11:14AM PDT,07/03/2023 11:14AM PDT,Purchase,-$1.75,"114 Troutman St | Dryer 14
114 Troutman St,Brooklyn,NY11206"
07/03/2023 11:13AM PDT,07/03/2023 11:13AM PDT,Purchase,-$1.75,"114 Troutman St | Dryer 11
114 Troutman St,Brooklyn,NY11206"
07/03/2023 10:24AM PDT,07/03/2023 10:24AM PDT,Purchase,-$2.50,"114 Troutman St | Washer 02
114 Troutman St,Brooklyn,NY11206"
07/03/2023 10:24AM PDT,07/03/2023 10:24AM PDT,Purchase,-$2.50,"114 Troutman St | Washer 01
114 Troutman St,Brooklyn,NY11206"
06/04/2023 3:27PM PDT,06/04/2023 3:27PM PDT,Purchase,-$0.25,"114 Troutman St | Dryer 11
114 Troutman St,Brooklyn,NY11206"
06/04/2023 3:27PM PDT,06/04/2023 3:27PM PDT,Purchase,-$0.25,"114 Troutman St | Dryer 11
114 Troutman St,Brooklyn,NY11206"
06/04/2023 3:27PM PDT,06/04/2023 3:27PM PDT,Purchase,-$0.25,"114 Troutman St | Dryer 11
114 Troutman St,Brooklyn,NY11206"
06/04/2023 3:26PM PDT,06/04/2023 3:26PM PDT,Purchase,-$0.25,"114 Troutman St | Dryer 11
114 Troutman St,Brooklyn,NY11206"
06/04/2023 3:26PM PDT,06/04/2023 3:26PM PDT,Purchase,-$0.25,"114 Troutman St | Dryer 11
114 Troutman St,Brooklyn,NY11206"
06/04/2023 3:26PM PDT,06/04/2023 3:26PM PDT,Purchase,-$0.25,"114 Troutman St | Dryer 11
114 Troutman St,Brooklyn,NY11206"
06/04/2023 3:26PM PDT,06/04/2023 3:26PM PDT,Purchase,-$1.75,"114 Troutman St | Dryer 11
114 Troutman St,Brooklyn,NY11206"
06/04/2023 3:26PM PDT,06/04/2023 3:25PM PDT,Purchase,-$1.75,"114 Troutman St | Dryer 11
114 Troutman St,Brooklyn,NY11206"
06/04/2023 3:25PM PDT,06/04/2023 3:25PM PDT,Added Funds,+$25.00,"
Added Funds using MasterCard-8636"
06/04/2023 2:17PM PDT,06/04/2023 2:17PM PDT,Purchase,-$2.50,"114 Troutman St | Washer 10
114 Troutman St,Brooklyn,NY11206"
06/04/2023 2:16PM PDT,06/04/2023 2:16PM PDT,Purchase,-$2.50,"114 Troutman St | Washer 09
114 Troutman St,Brooklyn,NY11206"
05/07/2023 2:57PM PDT,05/07/2023 2:57PM PDT,Purchase,-$0.25,"114 Troutman St | Dryer 12
114 Troutman St,Brooklyn,NY11206"
05/07/2023 2:57PM PDT,05/07/2023 2:57PM PDT,Purchase,-$0.25,"114 Troutman St | Dryer 12
114 Troutman St,Brooklyn,NY11206"
05/07/2023 2:57PM PDT,05/07/2023 2:57PM PDT,Purchase,-$0.25,"114 Troutman St | Dryer 12
114 Troutman St,Brooklyn,NY11206"
05/07/2023 2:56PM PDT,05/07/2023 2:56PM PDT,Purchase,-$1.75,"114 Troutman St | Dryer 12
114 Troutman St,Brooklyn,NY11206"
05/07/2023 2:05PM PDT,05/07/2023 2:05PM PDT,Purchase,-$2.50,"114 Troutman St | Washer 01
114 Troutman St,Brooklyn,NY11206"
04/18/2023 10:36AM PDT,04/18/2023 10:36AM PDT,Purchase,-$0.25,"114 Troutman St | Dryer 12
114 Troutman St,Brooklyn,NY11206"
04/18/2023 10:36AM PDT,04/18/2023 10:36AM PDT,Purchase,-$0.25,"114 Troutman St | Dryer 12
114 Troutman St,Brooklyn,NY11206"
04/18/2023 10:36AM PDT,04/18/2023 10:36AM PDT,Purchase,-$1.75,"114 Troutman St | Dryer 12
114 Troutman St,Brooklyn,NY11206"
04/18/2023 10:35AM PDT,04/18/2023 10:35AM PDT,Purchase,-$0.25,"114 Troutman St | Dryer 14
114 Troutman St,Brooklyn,NY11206"
04/18/2023 10:35AM PDT,04/18/2023 10:35AM PDT,Purchase,-$0.25,"114 Troutman St | Dryer 14
114 Troutman St,Brooklyn,NY11206"
04/18/2023 10:35AM PDT,04/18/2023 10:35AM PDT,Purchase,-$1.75,"114 Troutman St | Dryer 14
114 Troutman St,Brooklyn,NY11206"
04/18/2023 10:34AM PDT,04/18/2023 10:34AM PDT,Purchase,-$0.25,"114 Troutman St | Dryer 13
114 Troutman St,Brooklyn,NY11206"
04/18/2023 10:34AM PDT,04/18/2023 10:34AM PDT,Purchase,-$0.25,"114 Troutman St | Dryer 13
114 Troutman St,Brooklyn,NY11206"
04/18/2023 10:34AM PDT,04/18/2023 10:34AM PDT,Purchase,-$1.75,"114 Troutman St | Dryer 13
114 Troutman St,Brooklyn,NY11206"
04/18/2023 10:34AM PDT,04/18/2023 10:34AM PDT,Purchase,-$0.25,"114 Troutman St | Dryer 11
114 Troutman St,Brooklyn,NY11206"
04/18/2023 10:33AM PDT,04/18/2023 10:33AM PDT,Purchase,-$0.25,"114 Troutman St | Dryer 11
114 Troutman St,Brooklyn,NY11206"
04/18/2023 10:33AM PDT,04/18/2023 10:33AM PDT,Purchase,-$1.75,"114 Troutman St | Dryer 11
114 Troutman St,Brooklyn,NY11206"
04/18/2023 8:47AM PDT,04/18/2023 8:47AM PDT,Purchase,-$3.00,"114 Troutman St | Washer 03
114 Troutman St,Brooklyn,NY11206"
04/18/2023 8:46AM PDT,04/18/2023 8:46AM PDT,Purchase,-$2.50,"114 Troutman St | Washer 02
114 Troutman St,Brooklyn,NY11206"
04/18/2023 8:46AM PDT,04/18/2023 8:46AM PDT,Added Funds,+$25.00,"
Added Funds using MasterCard-8636"
04/18/2023 8:45AM PDT,04/18/2023 8:45AM PDT,Purchase,-$2.50,"114 Troutman St | Washer 01
114 Troutman St,Brooklyn,NY11206"
04/02/2023 4:54PM PDT,04/02/2023 4:54PM PDT,Purchase,-$0.25,"114 Troutman St | Dryer 11
114 Troutman St,Brooklyn,NY11206"
04/02/2023 4:54PM PDT,04/02/2023 4:53PM PDT,Purchase,-$0.25,"114 Troutman St | Dryer 11
114 Troutman St,Brooklyn,NY11206"
04/02/2023 4:53PM PDT,04/02/2023 4:53PM PDT,Purchase,-$1.75,"114 Troutman St | Dryer 11
114 Troutman St,Brooklyn,NY11206"
04/02/2023 4:06PM PDT,04/02/2023 4:05PM PDT,Purchase,-$2.50,"114 Troutman St | Washer 10
114 Troutman St,Brooklyn,NY11206"
03/29/2023 10:17AM PDT,03/29/2023 10:17AM PDT,Purchase,-$0.25,"114 Troutman St | Dryer 11
114 Troutman St,Brooklyn,NY11206"
03/29/2023 10:17AM PDT,03/29/2023 10:17AM PDT,Purchase,-$0.25,"114 Troutman St | Dryer 11
114 Troutman St,Brooklyn,NY11206"
03/29/2023 10:17AM PDT,03/29/2023 10:17AM PDT,Purchase,-$1.75,"114 Troutman St | Dryer 11
114 Troutman St,Brooklyn,NY11206"
03/29/2023 10:16AM PDT,03/29/2023 10:16AM PDT,Added Funds,+$10.00,"
Added Funds using MasterCard-8636"
03/29/2023 8:52AM PDT,03/29/2023 8:51AM PDT,"Purchase
Washer 10
Offer - $3.00 OFF","-$0.00
-$2.50
+$2.50","114 Troutman St | Washer 10
114 Troutman St,Brooklyn,NY11206
Offer: Up to $3.00 off your first purchase!"
